-0.080000,0.000000,0.000000,0.000000
0.004000,0.000000,0.000000,0.000000
-0.016000,0.000000,0.000000,0.000000
-0.032000,0.000000,0.000000,0.000000
-0.048000,0.000000,0.000000,0.000000
-0.060000,0.000000,0.000000,0.000000
-0.072000,0.000000,0.000000,0.000000
-0.088000,0.000000,0.000000,0.000000
-0.096000,0.000000,0.000000,0.000000
-0.104000,0.000000,0.000000,0.000000
-0.104000,0.000000,0.000000,0.000000
-0.104000,0.000000,0.000000,0.000000
-0.096000,0.000000,0.000000,0.000000
-0.092000,0.000000,0.000000,0.000000
-0.080000,0.000000,0.000000,0.000000
-0.068000,0.000000,0.000000,0.000000
-0.040000,0.000000,0.000000,0.000000
-0.008000,0.000000,0.000000,0.000000
-0.008000,0.000000,0.000000,0.000000
0.044000,0.000000,0.000000,0.000000
0.068000,0.000000,0.000000,0.000000
0.104000,0.000000,0.000000,0.000000
0.088000,0.000000,0.000000,0.000000
0.116000,0.000000,0.000000,0.000000
0.116000,0.000000,0.000000,0.000000
0.112000,0.000000,0.000000,0.000000
0.024000,0.000000,0.000000,0.000000
0.012000,0.000000,0.000000,0.000000
-0.004000,0.000000,0.000000,0.000000
-0.032000,0.000000,0.000000,0.000000
-0.048000,0.000000,0.000000,0.000000
-0.068000,0.000000,0.000000,0.000000
-0.076000,0.000000,0.000000,0.000000
-0.096000,0.000000,0.000000,0.000000
-0.100000,0.000000,0.000000,0.000000
-0.108000,0.000000,0.000000,0.000000
-0.112000,0.000000,0.000000,0.000000
-0.108000,0.000000,0.000000,0.000000
-0.108000,0.000000,0.000000,0.000000
-0.100000,0.000000,0.000000,0.000000
-0.088000,0.000000,0.000000,0.000000
-0.068000,0.000000,0.000000,0.000000
-0.048000,0.000000,0.000000,0.000000
-0.040000,0.000000,0.000000,0.000000
0.012000,0.000000,0.000000,0.000000
0.048000,0.000000,0.000000,0.000000
0.108000,0.000000,0.000000,0.000000
0.108000,0.000000,0.000000,0.000000
0.116000,0.000000,0.000000,0.000000
0.092000,0.000000,0.000000,0.000000
0.048000,0.000000,0.000000,0.000000
0.028000,0.000000,0.000000,0.000000
0.004000,0.000000,0.000000,0.000000
0.000000,0.000000,0.000000,0.000000
-0.036000,0.000000,0.000000,0.000000
-0.040000,0.000000,0.000000,0.000000
-0.064000,0.000000,0.000000,0.000000
-0.076000,0.000000,0.000000,0.000000
-0.080000,0.000000,0.000000,0.000000
-0.108000,0.000000,0.000000,0.000000
-0.112000,0.000000,0.000000,0.000000
-0.116000,0.000000,0.000000,0.000000
-0.116000,0.000000,0.000000,0.000000
-0.116000,0.000000,0.000000,0.000000
-0.104000,0.000000,0.000000,0.000000
-0.092000,0.000000,0.000000,0.000000
-0.092000,0.000000,0.000000,0.000000
-0.064000,0.000000,0.000000,0.000000
-0.040000,0.000000,0.000000,0.000000
-0.004000,0.000000,0.000000,0.000000
0.032000,0.000000,0.000000,0.000000
0.064000,0.000000,0.000000,0.000000
0.104000,0.000000,0.000000,0.000000
0.092000,0.000000,0.000000,0.000000
0.072000,0.000000,0.000000,0.000000
0.044000,0.000000,0.000000,0.000000
0.020000,0.000000,0.000000,0.000000
0.012000,0.000000,0.000000,0.000000
0.008000,0.000000,0.000000,0.000000
-0.032000,0.000000,0.000000,0.000000
-0.060000,0.000000,0.000000,0.000000
-0.068000,0.000000,0.000000,0.000000
-0.080000,0.000000,0.000000,0.000000
-0.084000,0.000000,0.000000,0.000000
-0.096000,0.000000,0.000000,0.000000
-0.100000,0.000000,0.000000,0.000000
-0.108000,0.000000,0.000000,0.000000
-0.096000,0.000000,0.000000,0.000000
-0.084000,0.000000,0.000000,0.000000
-0.072000,0.000000,0.000000,0.000000
-0.048000,0.000000,0.000000,0.000000
-0.028000,0.000000,0.000000,0.000000
-0.004000,0.000000,0.000000,0.000000
0.024000,0.000000,0.000000,0.000000
0.060000,0.000000,0.000000,0.000000
0.092000,0.000000,0.000000,0.000000
0.112000,0.000000,0.000000,0.000000
0.116000,0.000000,0.000000,0.000000
0.076000,0.000000,0.000000,0.000000
0.056000,0.000000,0.000000,0.000000
0.036000,0.000000,0.000000,0.000000
0.012000,0.000000,0.000000,0.000000
0.000000,0.000000,0.000000,0.000000
-0.016000,0.000000,0.000000,0.000000
-0.040000,0.000000,0.000000,0.000000
-0.056000,0.000000,0.000000,0.000000
-0.072000,0.000000,0.000000,0.000000
-0.080000,0.000000,0.000000,0.000000
-0.092000,0.000000,0.000000,0.000000
-0.092000,0.000000,0.000000,0.000000
-0.100000,0.000000,0.000000,0.000000
-0.100000,0.000000,0.000000,0.000000
-0.100000,0.000000,0.000000,0.000000
-0.092000,0.000000,0.000000,0.000000
-0.080000,0.000000,0.000000,0.000000
-0.068000,0.000000,0.000000,0.000000
-0.048000,0.000000,0.000000,0.000000
-0.016000,0.000000,0.000000,0.000000
-0.004000,0.000000,0.000000,0.000000
0.040000,0.000000,0.000000,0.000000
0.048000,0.000000,0.000000,0.000000
0.048000,0.000000,0.000000,0.000000
0.052000,0.000000,0.000000,0.000000
0.096000,0.000000,0.000000,0.000000
0.064000,0.000000,0.000000,0.000000
0.052000,0.000000,0.000000,0.000000
0.028000,0.000000,0.000000,0.000000
0.012000,0.000000,0.000000,0.000000
0.000000,0.000000,0.000000,0.000000
-0.020000,0.000000,0.000000,0.000000
-0.032000,0.000000,0.000000,0.000000
-0.036000,0.000000,0.000000,0.000000
-0.064000,0.000000,0.000000,0.000000
-0.076000,0.000000,0.000000,0.000000
-0.076000,0.000000,0.000000,0.000000
-0.092000,0.000000,0.000000,0.000000
-0.092000,0.000000,0.000000,0.000000
-0.092000,0.000000,0.000000,0.000000
-0.096000,0.000000,0.000000,0.000000
-0.084000,0.000000,0.000000,0.000000
-0.064000,0.000000,0.000000,0.000000
-0.064000,0.000000,0.000000,0.000000
-0.028000,0.000000,0.000000,0.000000
0.000000,0.000000,0.000000,0.000000
0.000000,0.000000,0.000000,0.000000
0.060000,0.000000,0.000000,0.000000
0.120000,0.000000,0.000000,0.000000
0.120000,0.000000,0.000000,0.000000
0.116000,0.000000,0.000000,0.000000
0.084000,0.000000,0.000000,0.000000
0.060000,0.000000,0.000000,0.000000
0.056000,0.000000,0.000000,0.000000
0.016000,0.000000,0.000000,0.000000
-0.004000,0.000000,0.000000,0.000000
-0.012000,0.000000,0.000000,0.000000
-0.048000,0.000000,0.000000,0.000000
-0.048000,0.000000,0.000000,0.000000
-0.056000,0.000000,0.000000,0.000000
-0.084000,0.000000,0.000000,0.000000
-0.088000,0.000000,0.000000,0.000000
-0.092000,0.000000,0.000000,0.000000
-0.096000,0.000000,0.000000,0.000000
-0.092000,0.000000,0.000000,0.000000
-0.088000,0.000000,0.000000,0.000000
-0.088000,0.000000,0.000000,0.000000
-0.060000,0.000000,0.000000,0.000000
-0.040000,0.000000,0.000000,0.000000
-0.016000,0.000000,0.000000,0.000000
0.012000,0.000000,0.000000,0.000000
0.032000,0.000000,0.000000,0.000000
0.044000,0.000000,0.000000,0.000000
0.044000,0.000000,0.000000,0.000000
0.104000,0.000000,0.000000,0.000000
0.104000,0.000000,0.000000,0.000000
0.068000,0.000000,0.000000,0.000000
0.044000,0.000000,0.000000,0.000000
0.032000,0.000000,0.000000,0.000000
0.012000,0.000000,0.000000,0.000000
-0.004000,0.000000,0.000000,0.000000
-0.016000,0.000000,0.000000,0.000000
-0.032000,0.000000,0.000000,0.000000
-0.044000,0.000000,0.000000,0.000000
-0.044000,0.000000,0.000000,0.000000
-0.064000,0.000000,0.000000,0.000000
-0.068000,0.000000,0.000000,0.000000
-0.080000,0.000000,0.000000,0.000000
-0.084000,0.000000,0.000000,0.000000
-0.084000,0.000000,0.000000,0.000000
-0.080000,0.000000,0.000000,0.000000
-0.068000,0.000000,0.000000,0.000000
-0.068000,0.000000,0.000000,0.000000
-0.048000,0.000000,0.000000,0.000000
-0.020000,0.000000,0.000000,0.000000
-0.008000,0.000000,0.000000,0.000000
0.016000,0.000000,0.000000,0.000000
0.048000,0.000000,0.000000,0.000000
0.092000,0.000000,0.000000,0.000000
0.108000,0.000000,0.000000,0.000000
0.120000,0.000000,0.000000,0.000000
0.096000,0.000000,0.000000,0.000000
0.060000,0.000000,0.000000,0.000000
0.044000,0.000000,0.000000,0.000000
0.024000,0.000000,0.000000,0.000000
0.004000,0.000000,0.000000,0.000000
-0.012000,0.000000,0.000000,0.000000
-0.024000,0.000000,0.000000,0.000000
-0.044000,0.000000,0.000000,0.000000
-0.060000,0.000000,0.000000,0.000000
-0.076000,0.000000,0.000000,0.000000
-0.088000,0.000000,0.000000,0.000000
-0.096000,0.000000,0.000000,0.000000
-0.108000,0.000000,0.000000,0.000000
-0.124000,0.000000,0.000000,0.000000
-0.132000,0.000000,0.000000,0.000000
-0.140000,0.000000,0.000000,0.000000
-0.120000,0.000000,0.000000,0.000000
-0.076000,0.000000,0.000000,0.000000
-0.032000,0.000000,0.000000,0.000000
0.060000,0.000000,0.000000,0.000000
0.120000,0.000000,0.000000,0.000000
0.064000,0.000000,0.000000,0.000000
0.012000,0.000000,0.000000,0.000000
-0.020000,0.000000,0.000000,0.000000
-0.052000,0.000000,0.000000,0.000000
-0.056000,0.000000,0.000000,0.000000
-0.104000,0.000000,0.000000,0.000000
-0.136000,0.000000,0.000000,0.000000
-0.156000,0.000000,0.000000,0.000000
-0.192000,0.000000,0.000000,0.000000
-0.212000,0.000000,0.000000,0.000000
-0.224000,0.000000,0.000000,0.000000
-0.224000,0.000000,0.000000,0.000000
-0.224000,0.000000,0.000000,0.000000
-0.184000,0.000000,0.000000,0.000000
-0.148000,0.000000,0.000000,0.000000
-0.104000,0.000000,0.000000,0.000000
-0.072000,0.000000,0.000000,0.000000
-0.012000,0.000000,0.000000,0.000000
0.056000,0.000000,0.000000,0.000000
0.096000,0.000000,0.000000,0.000000
0.088000,0.000000,0.000000,0.000000
0.056000,0.000000,0.000000,0.000000
0.020000,0.000000,0.000000,0.000000
-0.004000,0.000000,0.000000,0.000000
-0.016000,0.000000,0.000000,0.000000
-0.044000,0.000000,0.000000,0.000000
-0.064000,0.000000,0.000000,0.000000
-0.084000,0.000000,0.000000,0.000000
-0.100000,0.000000,0.000000,0.000000
-0.108000,0.000000,0.000000,0.000000
-0.124000,0.000000,0.000000,0.000000
-0.128000,0.000000,0.000000,0.000000
-0.128000,0.000000,0.000000,0.000000
-0.124000,0.000000,0.000000,0.000000
-0.124000,0.000000,0.000000,0.000000
-0.104000,0.000000,0.000000,0.000000
-0.088000,0.000000,0.000000,0.000000
-0.072000,0.000000,0.000000,0.000000
-0.040000,0.000000,0.000000,0.000000
0.000000,0.000000,0.000000,0.000000
0.024000,0.000000,0.000000,0.000000
0.076000,0.000000,0.000000,0.000000
0.104000,0.000000,0.000000,0.000000
0.104000,0.000000,0.000000,0.000000
0.068000,0.000000,0.000000,0.000000
0.068000,0.000000,0.000000,0.000000
0.020000,0.000000,0.000000,0.000000
-0.004000,0.000000,0.000000,0.000000
-0.020000,0.000000,0.000000,0.000000
-0.044000,0.000000,0.000000,0.000000
-0.056000,0.000000,0.000000,0.000000
-0.072000,0.000000,0.000000,0.000000
-0.088000,0.000000,0.000000,0.000000
-0.092000,0.000000,0.000000,0.000000
-0.100000,0.000000,0.000000,0.000000
-0.104000,0.000000,0.000000,0.000000
-0.112000,0.000000,0.000000,0.000000
-0.100000,0.000000,0.000000,0.000000
-0.092000,0.000000,0.000000,0.000000
-0.088000,0.000000,0.000000,0.000000
-0.064000,0.000000,0.000000,0.000000
-0.048000,0.000000,0.000000,0.000000
-0.016000,0.000000,0.000000,0.000000
0.016000,0.000000,0.000000,0.000000
0.060000,0.000000,0.000000,0.000000
0.100000,0.000000,0.000000,0.000000
0.120000,0.000000,0.000000,0.000000
0.104000,0.000000,0.000000,0.000000
0.084000,0.000000,0.000000,0.000000
0.056000,0.000000,0.000000,0.000000
0.036000,0.000000,0.000000,0.000000
0.036000,0.000000,0.000000,0.000000
0.036000,0.000000,0.000000,0.000000
0.036000,0.000000,0.000000,0.000000
-0.032000,0.000000,0.000000,0.000000
-0.052000,0.000000,0.000000,0.000000
-0.064000,0.000000,0.000000,0.000000
-0.068000,0.000000,0.000000,0.000000
-0.092000,0.000000,0.000000,0.000000
-0.096000,0.000000,0.000000,0.000000
-0.096000,0.000000,0.000000,0.000000
-0.088000,0.000000,0.000000,0.000000
-0.088000,0.000000,0.000000,0.000000
-0.084000,0.000000,0.000000,0.000000
-0.068000,0.000000,0.000000,0.000000
-0.068000,0.000000,0.000000,0.000000
-0.028000,0.000000,0.000000,0.000000
-0.004000,0.000000,0.000000,0.000000
-0.004000,0.000000,0.000000,0.000000
0.060000,0.000000,0.000000,0.000000
0.104000,0.000000,0.000000,0.000000
0.104000,0.000000,0.000000,0.000000
0.120000,0.000000,0.000000,0.000000
0.068000,0.000000,0.000000,0.000000
0.068000,0.000000,0.000000,0.000000
0.020000,0.000000,0.000000,0.000000
0.004000,0.000000,0.000000,0.000000
0.004000,0.000000,0.000000,0.000000
-0.008000,0.000000,0.000000,0.000000
-0.012000,0.000000,0.000000,0.000000
-0.012000,0.000000,0.000000,0.000000
-0.068000,0.000000,0.000000,0.000000
-0.068000,0.000000,0.000000,0.000000
-0.068000,0.000000,0.000000,0.000000
-0.072000,0.000000,0.000000,0.000000
-0.068000,0.000000,0.000000,0.000000
-0.064000,0.000000,0.000000,0.000000
-0.052000,0.000000,0.000000,0.000000
-0.044000,0.000000,0.000000,0.000000
-0.028000,0.000000,0.000000,0.000000
-0.008000,0.000000,0.000000,0.000000
0.008000,0.000000,0.000000,0.000000
0.028000,0.000000,0.000000,0.000000
0.060000,0.000000,0.000000,0.000000
0.112000,0.000000,0.000000,0.000000
0.116000,0.000000,0.000000,0.000000
0.092000,0.000000,0.000000,0.000000
0.076000,0.000000,0.000000,0.000000
0.060000,0.000000,0.000000,0.000000
0.040000,0.000000,0.000000,0.000000
0.032000,0.000000,0.000000,0.000000
0.012000,0.000000,0.000000,0.000000
0.008000,0.000000,0.000000,0.000000
-0.108154,0.000000,0.000000,0.000000
-0.086500,0.000000,0.000000,0.000000
-0.072000,0.000000,0.000000,0.000000
-0.032000,0.000000,0.000000,0.000000
-0.107158,0.000000,0.000000,0.000000
-0.044000,0.000000,0.000000,0.000000
0.004816,0.000000,0.000000,0.000000
0.060000,0.000000,0.000000,0.000000
0.098039,0.000000,0.000000,0.000000
0.000000,0.000000,0.000000,0.000000
0.261822,0.000000,0.000000,0.000000
0.189212,0.000000,0.000000,0.000000
0.252381,0.000000,0.000000,0.000000
0.139802,0.000000,0.000000,0.000000
0.120000,0.000000,0.000000,0.000000
-0.144000,0.000000,0.000000,0.000000
-0.066812,0.000000,0.000000,0.000000
-0.165818,0.000000,0.000000,0.000000
-0.056000,0.000000,0.000000,0.000000
-0.134286,0.000000,0.000000,0.000000
-0.144167,0.000000,0.000000,0.000000
-0.088000,0.000000,0.000000,0.000000
-0.048000,0.000000,0.000000,0.000000
-0.048000,0.000000,0.000000,0.000000
-0.048000,0.000000,0.000000,0.000000
0.072000,0.000000,0.000000,0.000000
-0.028000,0.000000,0.000000,0.000000
0.157846,0.000000,0.000000,0.000000
0.154316,0.000000,0.000000,0.000000
0.196000,0.000000,0.000000,0.000000
0.272000,0.000000,0.000000,0.000000
0.236000,0.000000,0.000000,0.000000
0.116000,0.000000,0.000000,0.000000
0.020792,0.000000,0.000000,0.000000
-0.014340,0.000000,0.000000,0.000000
0.030763,0.000000,0.000000,0.000000
-0.288000,0.000000,0.000000,0.000000
-0.135711,0.000000,0.000000,0.000000
-0.084606,0.000000,0.000000,0.000000
-0.168000,0.000000,0.000000,0.000000
-0.118823,0.000000,0.000000,0.000000
-0.060000,0.000000,0.000000,0.000000
-0.060000,0.000000,0.000000,0.000000
-0.012000,0.000000,0.000000,0.000000
-0.004000,0.000000,0.000000,0.000000
0.100000,0.000000,0.000000,0.000000
0.052000,0.000000,0.000000,0.000000
0.136000,0.000000,0.000000,0.000000
0.208000,0.000000,0.000000,0.000000
0.216000,0.000000,0.000000,0.000000
0.288471,0.000000,0.000000,0.000000
0.112000,0.000000,0.000000,0.000000
0.136000,0.000000,0.000000,0.000000
-0.003010,0.000000,0.000000,0.000000
-0.146020,0.000000,0.000000,0.000000
-0.112000,0.000000,0.000000,0.000000
-0.088154,0.000000,0.000000,0.000000
-0.116167,0.000000,0.000000,0.000000
-0.132000,0.000000,0.000000,0.000000
-0.101143,0.000000,0.000000,0.000000
-0.069053,0.000000,0.000000,0.000000
-0.048000,0.000000,0.000000,0.000000
-0.024392,0.000000,0.000000,0.000000
0.026824,0.000000,0.000000,0.000000
0.088000,0.000000,0.000000,0.000000
0.087333,0.000000,0.000000,0.000000
0.148000,0.000000,0.000000,0.000000
0.196000,0.000000,0.000000,0.000000
0.224000,0.000000,0.000000,0.000000
0.225647,0.000000,0.000000,0.000000
0.180606,0.000000,0.000000,0.000000
0.071596,0.000000,0.000000,0.000000
-0.097077,0.000000,0.000000,0.000000
-0.047093,0.000000,0.000000,0.000000
-0.113414,0.000000,0.000000,0.000000
-0.133333,0.000000,0.000000,0.000000
-0.072606,0.000000,0.000000,0.000000
-0.061667,0.000000,0.000000,0.000000
-0.068000,0.000000,0.000000,0.000000
-0.028000,0.000000,0.000000,0.000000
-0.051608,0.000000,0.000000,0.000000
0.052000,0.000000,0.000000,0.000000
0.040000,0.000000,0.000000,0.000000
0.096000,0.000000,0.000000,0.000000
0.136000,0.000000,0.000000,0.000000
0.156000,0.000000,0.000000,0.000000
0.198812,0.000000,0.000000,0.000000
0.152000,0.000000,0.000000,0.000000
0.237212,0.000000,0.000000,0.000000
0.139802,0.000000,0.000000,0.000000
0.120000,0.000000,0.000000,0.000000
0.120000,0.000000,0.000000,0.000000
-0.022812,0.000000,0.000000,0.000000
0.047596,0.000000,0.000000,0.000000
0.088000,0.000000,0.000000,0.000000
-0.221426,0.000000,0.000000,0.000000
-0.106812,0.000000,0.000000,0.000000
-0.036816,0.000000,0.000000,0.000000
-0.086766,0.000000,0.000000,0.000000
-0.088516,0.000000,0.000000,0.000000
-0.024000,0.000000,0.000000,0.000000
-0.047608,0.000000,0.000000,0.000000
-0.028000,0.000000,0.000000,0.000000
0.121000,0.000000,0.000000,0.000000
0.092000,0.000000,0.000000,0.000000
0.102766,0.000000,0.000000,0.000000
0.179660,0.000000,0.000000,0.000000
0.237846,0.000000,0.000000,0.000000
0.084000,0.000000,0.000000,0.000000
0.228000,0.000000,0.000000,0.000000
0.155216,0.000000,0.000000,0.000000
-0.010383,0.000000,0.000000,0.000000
-0.023010,0.000000,0.000000,0.000000
-0.093414,0.000000,0.000000,0.000000
-0.120000,0.000000,0.000000,0.000000
-0.071472,0.000000,0.000000,0.000000
-0.069856,0.000000,0.000000,0.000000
-0.057237,0.000000,0.000000,0.000000
-0.088000,0.000000,0.000000,0.000000
0.018462,0.000000,0.000000,0.000000
0.004833,0.000000,0.000000,0.000000
0.031604,0.000000,0.000000,0.000000
0.038461,0.000000,0.000000,0.000000
0.074500,0.000000,0.000000,0.000000
0.060404,0.000000,0.000000,0.000000
0.139010,0.000000,0.000000,0.000000
0.136000,0.000000,0.000000,0.000000
0.248000,0.000000,0.000000,0.000000
0.257414,0.000000,0.000000,0.000000
0.116000,0.000000,0.000000,0.000000
0.116000,0.000000,0.000000,0.000000
0.139231,0.000000,0.000000,0.000000
0.094947,0.000000,0.000000,0.000000
-0.244000,0.000000,0.000000,0.000000
-0.088000,0.000000,0.000000,0.000000
-0.112000,0.000000,0.000000,0.000000
-0.015802,0.000000,0.000000,0.000000
-0.141212,0.000000,0.000000,0.000000
-0.092000,0.000000,0.000000,0.000000
-0.224000,0.000000,0.000000,0.000000
0.032000,0.000000,0.000000,0.000000
-0.000000,0.000000,0.000000,0.000000
0.211547,0.000000,0.000000,0.000000
0.206213,0.000000,0.000000,0.000000
0.204000,0.000000,0.000000,0.000000
0.400000,0.000000,0.000000,0.000000
0.048000,0.000000,0.000000,0.000000
-0.060000,0.000000,0.000000,0.000000
-0.082615,0.000000,0.000000,0.000000
-0.097000,0.000000,0.000000,0.000000
-0.092000,0.000000,0.000000,0.000000
-0.158614,0.000000,0.000000,0.000000
-0.128808,0.000000,0.000000,0.000000
-0.097667,0.000000,0.000000,0.000000
-0.032198,0.000000,0.000000,0.000000
-0.052000,0.000000,0.000000,0.000000
-0.004000,0.000000,0.000000,0.000000
0.030500,0.000000,0.000000,0.000000
0.112000,0.000000,0.000000,0.000000
0.103743,0.000000,0.000000,0.000000
0.141890,0.000000,0.000000,0.000000
0.197255,0.000000,0.000000,0.000000
0.352898,0.000000,0.000000,0.000000
0.179406,0.000000,0.000000,0.000000
0.096000,0.000000,0.000000,0.000000
0.044594,0.000000,0.000000,0.000000
-0.140082,0.000000,0.000000,0.000000
-0.152000,0.000000,0.000000,0.000000
-0.110286,0.000000,0.000000,0.000000
-0.119093,0.000000,0.000000,0.000000
-0.158812,0.000000,0.000000,0.000000
-0.138474,0.000000,0.000000,0.000000
-0.056000,0.000000,0.000000,0.000000
-0.079417,0.000000,0.000000,0.000000
0.013856,0.000000,0.000000,0.000000
-0.000000,0.000000,0.000000,0.000000
0.075238,0.000000,0.000000,0.000000
0.101010,0.000000,0.000000,0.000000
0.124167,0.000000,0.000000,0.000000
0.158286,0.000000,0.000000,0.000000
0.269474,0.000000,0.000000,0.000000
0.149692,0.000000,0.000000,0.000000
0.236000,0.000000,0.000000,0.000000
0.020792,0.000000,0.000000,0.000000
-0.025263,0.000000,0.000000,0.000000
-0.104381,0.000000,0.000000,0.000000
-0.127368,0.000000,0.000000,0.000000
-0.075208,0.000000,0.000000,0.000000
-0.117010,0.000000,0.000000,0.000000
-0.155385,0.000000,0.000000,0.000000
-0.089667,0.000000,0.000000,0.000000
-0.048000,0.000000,0.000000,0.000000
-0.048000,0.000000,0.000000,0.000000
0.000000,0.000000,0.000000,0.000000
0.034420,0.000000,0.000000,0.000000
0.125728,0.000000,0.000000,0.000000
0.096728,0.000000,0.000000,0.000000
0.208730,0.000000,0.000000,0.000000
0.143165,0.000000,0.000000,0.000000
0.113553,0.000000,0.000000,0.000000
0.356037,0.000000,0.000000,0.000000
0.145157,0.000000,0.000000,0.000000
0.004754,0.000000,0.000000,0.000000
-0.036890,0.000000,0.000000,0.000000
-0.041281,0.000000,0.000000,0.000000
-0.104493,0.000000,0.000000,0.000000
-0.135238,0.000000,0.000000,0.000000
-0.117280,0.000000,0.000000,0.000000
-0.063241,0.000000,0.000000,0.000000
-0.141282,0.000000,0.000000,0.000000
-0.043246,0.000000,0.000000,0.000000
-0.043248,0.000000,0.000000,0.000000
-0.018842,0.000000,0.000000,0.000000
0.056749,0.000000,0.000000,0.000000
-0.023253,0.000000,0.000000,0.000000
0.161128,0.000000,0.000000,0.000000
0.134012,0.000000,0.000000,0.000000
0.217614,0.000000,0.000000,0.000000
0.329246,0.000000,0.000000,0.000000
0.196953,0.000000,0.000000,0.000000
0.145821,0.000000,0.000000,0.000000
-0.019227,0.000000,0.000000,0.000000
-0.067224,0.000000,0.000000,0.000000
-0.143222,0.000000,0.000000,0.000000
-0.083222,0.000000,0.000000,0.000000
-0.102232,0.000000,0.000000,0.000000
-0.172638,0.000000,0.000000,0.000000
-0.079226,0.000000,0.000000,0.000000
-0.039228,0.000000,0.000000,0.000000
-0.132154,0.000000,0.000000,0.000000
-0.030401,0.000000,0.000000,0.000000
0.017907,0.000000,0.000000,0.000000
0.010867,0.000000,0.000000,0.000000
0.112761,0.000000,0.000000,0.000000
0.063585,0.000000,0.000000,0.000000
0.326070,0.000000,0.000000,0.000000
0.300769,0.000000,0.000000,0.000000
0.220775,0.000000,0.000000,0.000000
0.120781,0.000000,0.000000,0.000000
0.024786,0.000000,0.000000,0.000000
-0.015210,0.000000,0.000000,0.000000
-0.179208,0.000000,0.000000,0.000000
-0.127208,0.000000,0.000000,0.000000
-0.083209,0.000000,0.000000,0.000000
-0.171210,0.000000,0.000000,0.000000
-0.103213,0.000000,0.000000,0.000000
-0.089677,0.000000,0.000000,0.000000
-0.076052,0.000000,0.000000,0.000000
-0.008760,0.000000,0.000000,0.000000
-0.023022,0.000000,0.000000,0.000000
0.080942,0.000000,0.000000,0.000000
0.119587,0.000000,0.000000,0.000000
0.072181,0.000000,0.000000,0.000000
0.204777,0.000000,0.000000,0.000000
0.282802,0.000000,0.000000,0.000000
0.200940,0.000000,0.000000,0.000000
0.205898,0.000000,0.000000,0.000000
0.073193,0.000000,0.000000,0.000000
-0.008208,0.000000,0.000000,0.000000
0.046711,0.000000,0.000000,0.000000
-0.238025,0.000000,0.000000,0.000000
-0.129808,0.000000,0.000000,0.000000
-0.145510,0.000000,0.000000,0.000000
-0.134434,0.000000,0.000000,0.000000
-0.110022,0.000000,0.000000,0.000000
-0.076707,0.000000,0.000000,0.000000
-0.055205,0.000000,0.000000,0.000000
-0.007207,0.000000,0.000000,0.000000
0.001194,0.000000,0.000000,0.000000
0.075129,0.000000,0.000000,0.000000
0.127238,0.000000,0.000000,0.000000
0.124790,0.000000,0.000000,0.000000
0.215209,0.000000,0.000000,0.000000
0.307324,0.000000,0.000000,0.000000
0.264803,0.000000,0.000000,0.000000
0.124809,0.000000,0.000000,0.000000
0.029606,0.000000,0.000000,0.000000
-0.083182,0.000000,0.000000,0.000000
-0.116796,0.000000,0.000000,0.000000
-0.096826,0.000000,0.000000,0.000000
-0.101220,0.000000,0.000000,0.000000
-0.071180,0.000000,0.000000,0.000000
-0.107182,0.000000,0.000000,0.000000
-0.098008,0.000000,0.000000,0.000000
-0.039186,0.000000,0.000000,0.000000
-0.039188,0.000000,0.000000,0.000000
0.056810,0.000000,0.000000,0.000000
0.048215,0.000000,0.000000,0.000000
0.085618,0.000000,0.000000,0.000000
0.148810,0.000000,0.000000,0.000000
0.148813,0.000000,0.000000,0.000000
0.192816,0.000000,0.000000,0.000000
0.360822,0.000000,0.000000,0.000000
0.120828,0.000000,0.000000,0.000000
0.145667,0.000000,0.000000,0.000000
-0.019162,0.000000,0.000000,0.000000
-0.018167,0.000000,0.000000,0.000000
-0.085769,0.000000,0.000000,0.000000
-0.118012,0.000000,0.000000,0.000000
-0.095154,0.000000,0.000000,0.000000
-0.067155,0.000000,0.000000,0.000000
-0.079156,0.000000,0.000000,0.000000
-0.041849,0.000000,0.000000,0.000000
-0.023159,0.000000,0.000000,0.000000
0.000642,0.000000,0.000000,0.000000
0.053446,0.000000,0.000000,0.000000
0.040443,0.000000,0.000000,0.000000
0.096840,0.000000,0.000000,0.000000
0.113649,0.000000,0.000000,0.000000
0.200844,0.000000,0.000000,0.000000
0.223464,0.000000,0.000000,0.000000
0.213020,0.000000,0.000000,0.000000
0.180265,0.000000,0.000000,0.000000
0.120865,0.000000,0.000000,0.000000
0.048264,0.000000,0.000000,0.000000
-0.060540,0.000000,0.000000,0.000000
-0.038133,0.000000,0.000000,0.000000
-0.107122,0.000000,0.000000,0.000000
-0.086131,0.000000,0.000000,0.000000
0.012879,0.000000,0.000000,0.000000
-0.131122,0.000000,0.000000,0.000000
-0.083123,0.000000,0.000000,0.000000
-0.047125,0.000000,0.000000,0.000000
-0.003709,0.000000,0.000000,0.000000
-0.023128,0.000000,0.000000,0.000000
0.048872,0.000000,0.000000,0.000000
0.084872,0.000000,0.000000,0.000000
0.076872,0.000000,0.000000,0.000000
0.111305,0.000000,0.000000,0.000000
0.203733,0.000000,0.000000,0.000000
0.174338,0.000000,0.000000,0.000000
0.233917,0.000000,0.000000,0.000000
0.197814,0.000000,0.000000,0.000000
0.144315,0.000000,0.000000,0.000000
0.022881,0.000000,0.000000,0.000000
0.015237,0.000000,0.000000,0.000000
-0.079420,0.000000,0.000000,0.000000
-0.051242,0.000000,0.000000,0.000000
-0.077128,0.000000,0.000000,0.000000
-0.048311,0.000000,0.000000,0.000000
-0.059087,0.000000,0.000000,0.000000
-0.022889,0.000000,0.000000,0.000000
-0.031291,0.000000,0.000000,0.000000
-0.131091,0.000000,0.000000,0.000000
0.035954,0.000000,0.000000,0.000000
0.006885,0.000000,0.000000,0.000000
0.272909,0.000000,0.000000,0.000000
0.223327,0.000000,0.000000,0.000000
0.282734,0.000000,0.000000,0.000000
0.076921,0.000000,0.000000,0.000000
0.192926,0.000000,0.000000,0.000000
-0.053684,0.000000,0.000000,0.000000
-0.060279,0.000000,0.000000,0.000000
-0.107065,0.000000,0.000000,0.000000
-0.087065,0.000000,0.000000,0.000000
-0.083066,0.000000,0.000000,0.000000
-0.123067,0.000000,0.000000,0.000000
-0.092761,0.000000,0.000000,0.000000
-0.084738,0.000000,0.000000,0.000000
-0.043074,0.000000,0.000000,0.000000
0.005740,0.000000,0.000000,0.000000
0.088016,0.000000,0.000000,0.000000
0.032923,0.000000,0.000000,0.000000
0.088923,0.000000,0.000000,0.000000
0.080924,0.000000,0.000000,0.000000
0.188926,0.000000,0.000000,0.000000
0.264930,0.000000,0.000000,0.000000
0.180935,0.000000,0.000000,0.000000
0.246152,0.000000,0.000000,0.000000
0.055803,0.000000,0.000000,0.000000
0.014477,0.000000,0.000000,0.000000
-0.096663,0.000000,0.000000,0.000000
-0.079045,0.000000,0.000000,0.000000
-0.127044,0.000000,0.000000,0.000000
-0.035044,0.000000,0.000000,0.000000
-0.088715,0.000000,0.000000,0.000000
-0.134140,0.000000,0.000000,0.000000
-0.151050,0.000000,0.000000,0.000000
-0.123053,0.000000,0.000000,0.000000
-0.135057,0.000000,0.000000,0.000000
-0.146468,0.000000,0.000000,0.000000
-0.133528,0.000000,0.000000,0.000000
-0.166478,0.000000,0.000000,0.000000
-0.132355,0.000000,0.000000,0.000000
-0.039083,0.000000,0.000000,0.000000
-0.004656,0.000000,0.000000,0.000000
-0.034275,0.000000,0.000000,0.000000
0.668911,0.000000,0.000000,0.000000
0.312915,0.000000,0.000000,0.000000
-0.069697,0.000000,0.000000,0.000000
-0.107410,0.000000,0.000000,0.000000
0.036921,0.000000,0.000000,0.000000
0.108924,0.000000,0.000000,0.000000
0.095021,0.000000,0.000000,0.000000
0.081982,0.000000,0.000000,0.000000
0.084932,0.000000,0.000000,0.000000
0.134079,0.000000,0.000000,0.000000
0.051886,0.000000,0.000000,0.000000
0.168943,0.000000,0.000000,0.000000
0.088947,0.000000,0.000000,0.000000
0.112369,0.000000,0.000000,0.000000
0.092956,0.000000,0.000000,0.000000
0.069730,0.000000,0.000000,0.000000
0.088964,0.000000,0.000000,0.000000
0.064968,0.000000,0.000000,0.000000
0.108973,0.000000,0.000000,0.000000
0.064977,0.000000,0.000000,0.000000
0.084981,0.000000,0.000000,0.000000
0.036984,0.000000,0.000000,0.000000
0.076988,0.000000,0.000000,0.000000
0.004385,0.000000,0.000000,0.000000
0.018159,0.000000,0.000000,0.000000
-0.016860,0.000000,0.000000,0.000000
0.020997,0.000000,0.000000,0.000000
-0.007001,0.000000,0.000000,0.000000
0.009000,0.000000,0.000000,0.000000
-0.018999,0.000000,0.000000,0.000000
0.021002,0.000000,0.000000,0.000000
0.021002,0.000000,0.000000,0.000000
0.068608,0.000000,0.000000,0.000000
0.077409,0.000000,0.000000,0.000000
0.109007,0.000000,0.000000,0.000000
0.120416,0.000000,0.000000,0.000000
0.085215,0.000000,0.000000,0.000000
0.137017,0.000000,0.000000,0.000000
0.149021,0.000000,0.000000,0.000000
0.112827,0.000000,0.000000,0.000000
0.093030,0.000000,0.000000,0.000000
0.093034,0.000000,0.000000,0.000000
0.069038,0.000000,0.000000,0.000000
0.040638,0.000000,0.000000,0.000000
-0.014955,0.000000,0.000000,0.000000
0.041048,0.000000,0.000000,0.000000
0.029053,0.000000,0.000000,0.000000
0.029053,0.000000,0.000000,0.000000
0.020004,0.000000,0.000000,0.000000
0.065058,0.000000,0.000000,0.000000
0.021060,0.000000,0.000000,0.000000
0.041062,0.000000,0.000000,0.000000
0.017063,0.000000,0.000000,0.000000
0.060867,0.000000,0.000000,0.000000
0.065067,0.000000,0.000000,0.000000
0.020661,0.000000,0.000000,0.000000
0.041071,0.000000,0.000000,0.000000
0.136281,0.000000,0.000000,0.000000
0.057076,0.000000,0.000000,0.000000
0.082584,0.000000,0.000000,0.000000
0.133082,0.000000,0.000000,0.000000
0.121086,0.000000,0.000000,0.000000
0.057090,0.000000,0.000000,0.000000
0.149094,0.000000,0.000000,0.000000
0.089098,0.000000,0.000000,0.000000
0.089103,0.000000,0.000000,0.000000
0.089107,0.000000,0.000000,0.000000
0.089111,0.000000,0.000000,0.000000
0.066067,0.000000,0.000000,0.000000
0.009960,0.000000,0.000000,0.000000
0.024717,0.000000,0.000000,0.000000
0.041322,0.000000,0.000000,0.000000
0.013126,0.000000,0.000000,0.000000
0.029129,0.000000,0.000000,0.000000
0.049131,0.000000,0.000000,0.000000
0.024931,0.000000,0.000000,0.000000
0.068937,0.000000,0.000000,0.000000
0.049137,0.000000,0.000000,0.000000
0.024306,0.000000,0.000000,0.000000
0.045141,0.000000,0.000000,0.000000
0.045143,0.000000,0.000000,0.000000
0.045145,0.000000,0.000000,0.000000
0.045147,0.000000,0.000000,0.000000
0.045149,0.000000,0.000000,0.000000
-0.002849,0.000000,0.000000,0.000000
0.085153,0.000000,0.000000,0.000000
0.021155,0.000000,0.000000,0.000000
0.064574,0.000000,0.000000,0.000000
0.020540,0.000000,0.000000,0.000000
0.017160,0.000000,0.000000,0.000000
0.061162,0.000000,0.000000,0.000000
0.041164,0.000000,0.000000,0.000000
0.017165,0.000000,0.000000,0.000000
0.060969,0.000000,0.000000,0.000000
0.016967,0.000000,0.000000,0.000000
0.013170,0.000000,0.000000,0.000000
0.057172,0.000000,0.000000,0.000000
0.037173,0.000000,0.000000,0.000000
0.037175,0.000000,0.000000,0.000000
0.060784,0.000000,0.000000,0.000000
0.017570,0.000000,0.000000,0.000000
0.062013,0.000000,0.000000,0.000000
0.065182,0.000000,0.000000,0.000000
0.068792,0.000000,0.000000,0.000000
0.096402,0.000000,0.000000,0.000000
0.057189,0.000000,0.000000,0.000000
0.081192,0.000000,0.000000,0.000000
0.084426,0.000000,0.000000,0.000000
0.114865,0.000000,0.000000,0.000000
0.120020,0.000000,0.000000,0.000000
0.144056,0.000000,0.000000,0.000000
0.124092,0.000000,0.000000,0.000000
0.099923,0.000000,0.000000,0.000000
0.143964,0.000000,0.000000,0.000000
0.124198,0.000000,0.000000,0.000000
0.124233,0.000000,0.000000,0.000000
0.008106,0.000000,0.000000,0.000000
0.056283,0.000000,0.000000,0.000000
0.046633,0.000000,0.000000,0.000000
-0.031692,0.000000,0.000000,0.000000
0.068316,0.000000,0.000000,0.000000
0.045091,0.000000,0.000000,0.000000
0.039049,0.000000,0.000000,0.000000
0.060330,0.000000,0.000000,0.000000
0.060334,0.000000,0.000000,0.000000
0.036336,0.000000,0.000000,0.000000
0.080340,0.000000,0.000000,0.000000
0.060344,0.000000,0.000000,0.000000
0.060348,0.000000,0.000000,0.000000
0.084354,0.000000,0.000000,0.000000
0.064360,0.000000,0.000000,0.000000
0.064366,0.000000,0.000000,0.000000
0.064372,0.000000,0.000000,0.000000
0.088582,0.000000,0.000000,0.000000
0.044386,0.000000,0.000000,0.000000
0.064392,0.000000,0.000000,0.000000
0.064398,0.000000,0.000000,0.000000
0.064404,0.000000,0.000000,0.000000
0.020416,0.000000,0.000000,0.000000
0.060420,0.000000,0.000000,0.000000
0.060424,0.000000,0.000000,0.000000
0.083847,0.000000,0.000000,0.000000
0.064436,0.000000,0.000000,0.000000
0.064442,0.000000,0.000000,0.000000
0.087498,0.000000,0.000000,0.000000
0.068458,0.000000,0.000000,0.000000
0.068466,0.000000,0.000000,0.000000
0.115694,0.000000,0.000000,0.000000
0.076490,0.000000,0.000000,0.000000
0.076502,0.000000,0.000000,0.000000
0.076514,0.000000,0.000000,0.000000
0.100730,0.000000,0.000000,0.000000
0.080542,0.000000,0.000000,0.000000
0.104360,0.000000,0.000000,0.000000
0.108378,0.000000,0.000000,0.000000
0.088594,0.000000,0.000000,0.000000
0.112416,0.000000,0.000000,0.000000
0.092634,0.000000,0.000000,0.000000
0.092654,0.000000,0.000000,0.000000
0.092674,0.000000,0.000000,0.000000
0.092694,0.000000,0.000000,0.000000
0.044306,0.000000,0.000000,0.000000
0.084726,0.000000,0.000000,0.000000
0.061509,0.000000,0.000000,0.000000
0.055919,0.000000,0.000000,0.000000
0.053154,0.000000,0.000000,0.000000
0.072772,0.000000,0.000000,0.000000
0.048978,0.000000,0.000000,0.000000
0.044786,0.000000,0.000000,0.000000
0.111631,0.000000,0.000000,0.000000
0.048602,0.000000,0.000000,0.000000
0.068812,0.000000,0.000000,0.000000
0.068820,0.000000,0.000000,0.000000
0.092830,0.000000,0.000000,0.000000
0.072840,0.000000,0.000000,0.000000
0.072850,0.000000,0.000000,0.000000
0.072860,0.000000,0.000000,0.000000
0.048868,0.000000,0.000000,0.000000
0.093080,0.000000,0.000000,0.000000
0.050195,0.000000,0.000000,0.000000
0.043615,0.000000,0.000000,0.000000
0.064898,0.000000,0.000000,0.000000
0.064904,0.000000,0.000000,0.000000
0.039403,0.000000,0.000000,0.000000
0.084332,0.000000,0.000000,0.000000
0.064920,0.000000,0.000000,0.000000
0.088730,0.000000,0.000000,0.000000
0.093140,0.000000,0.000000,0.000000
0.072948,0.000000,0.000000,0.000000
0.072958,0.000000,0.000000,0.000000
0.072968,0.000000,0.000000,0.000000
0.096980,0.000000,0.000000,0.000000
0.099514,0.000000,0.000000,0.000000
0.081008,0.000000,0.000000,0.000000
0.057020,0.000000,0.000000,0.000000
0.077032,0.000000,0.000000,0.000000
0.077044,0.000000,0.000000,0.000000
0.101058,0.000000,0.000000,0.000000
0.081072,0.000000,0.000000,0.000000
0.033082,0.000000,0.000000,0.000000
0.049090,0.000000,0.000000,0.000000
0.069098,0.000000,0.000000,0.000000
0.045104,0.000000,0.000000,0.000000
0.041500,0.000000,0.000000,0.000000
0.061112,0.000000,0.000000,0.000000
0.061116,0.000000,0.000000,0.000000
0.061120,0.000000,0.000000,0.000000
0.061124,0.000000,0.000000,0.000000
0.085749,0.000000,0.000000,0.000000
0.065136,0.000000,0.000000,0.000000
0.065142,0.000000,0.000000,0.000000
0.065148,0.000000,0.000000,0.000000
-0.075363,0.000000,0.000000,0.000000
0.188859,0.000000,0.000000,0.000000
0.065154,0.000000,0.000000,0.000000
0.069170,0.000000,0.000000,0.000000
0.092982,0.000000,0.000000,0.000000
0.073190,0.000000,0.000000,0.000000
0.073200,0.000000,0.000000,0.000000
0.073210,0.000000,0.000000,0.000000
0.097222,0.000000,0.000000,0.000000
0.077234,0.000000,0.000000,0.000000
0.100479,0.000000,0.000000,0.000000
0.106097,0.000000,0.000000,0.000000
0.085280,0.000000,0.000000,0.000000
0.109298,0.000000,0.000000,0.000000
0.113318,0.000000,0.000000,0.000000
0.093338,0.000000,0.000000,0.000000
0.093358,0.000000,0.000000,0.000000
0.093378,0.000000,0.000000,0.000000
0.093398,0.000000,0.000000,0.000000
0.070186,0.000000,0.000000,0.000000
0.089434,0.000000,0.000000,0.000000
0.089453,0.000000,0.000000,0.000000
0.039799,0.000000,0.000000,0.000000
0.081480,0.000000,0.000000,0.000000
0.081495,0.000000,0.000000,0.000000
-0.020521,0.000000,0.000000,0.000000
0.018287,0.000000,0.000000,0.000000
0.033094,0.000000,0.000000,0.000000
0.029500,0.000000,0.000000,0.000000
0.026449,0.000000,0.000000,0.000000
0.020438,0.000000,0.000000,0.000000
0.041484,0.000000,0.000000,0.000000
0.065888,0.000000,0.000000,0.000000
0.045476,0.000000,0.000000,0.000000
0.045472,0.000000,0.000000,0.000000
0.021664,0.000000,0.000000,0.000000
0.064880,0.000000,0.000000,0.000000
0.045458,0.000000,0.000000,0.000000
0.045454,0.000000,0.000000,0.000000
0.069654,0.000000,0.000000,0.000000
0.049450,0.000000,0.000000,0.000000
0.097452,0.000000,0.000000,0.000000
0.033844,0.000000,0.000000,0.000000
0.077862,0.000000,0.000000,0.000000
0.081458,0.000000,0.000000,0.000000
0.061462,0.000000,0.000000,0.000000
0.061462,0.000000,0.000000,0.000000
0.065474,0.000000,0.000000,0.000000
0.113484,0.000000,0.000000,0.000000
0.113484,0.000000,0.000000,0.000000
0.097506,0.000000,0.000000,0.000000
0.125522,0.000000,0.000000,0.000000
0.125522,0.000000,0.000000,0.000000
0.085538,0.000000,0.000000,0.000000
0.117581,0.000000,0.000000,0.000000
0.117581,0.000000,0.000000,0.000000
0.097602,0.000000,0.000000,0.000000
0.101650,0.000000,0.000000,0.000000
0.101650,0.000000,0.000000,0.000000
0.105702,0.000000,0.000000,0.000000
0.105731,0.000000,0.000000,0.000000
0.105731,0.000000,0.000000,0.000000
0.081370,0.000000,0.000000,0.000000
0.077999,0.000000,0.000000,0.000000
0.077999,0.000000,0.000000,0.000000
0.093840,0.000000,0.000000,0.000000
0.070057,0.000000,0.000000,0.000000
-0.006940,0.000000,0.000000,0.000000
0.026271,0.000000,0.000000,0.000000
0.065880,0.000000,0.000000,0.000000
0.065886,0.000000,0.000000,0.000000
-0.006720,0.000000,0.000000,0.000000
0.053886,0.000000,0.000000,0.000000
0.030654,0.000000,0.000000,0.000000
0.075161,0.000000,0.000000,0.000000
0.053884,0.000000,0.000000,0.000000
0.053884,0.000000,0.000000,0.000000
0.053884,0.000000,0.000000,0.000000
0.053884,0.000000,0.000000,0.000000
0.053884,0.000000,0.000000,0.000000
0.089898,0.000000,0.000000,0.000000
0.118322,0.000000,0.000000,0.000000
0.125934,0.000000,0.000000,0.000000
0.085950,0.000000,0.000000,0.000000
0.062162,0.000000,0.000000,0.000000
0.105588,0.000000,0.000000,0.000000
0.085996,0.000000,0.000000,0.000000
0.110014,0.000000,0.000000,0.000000
0.114034,0.000000,0.000000,0.000000
0.070052,0.000000,0.000000,0.000000
0.090070,0.000000,0.000000,0.000000
0.090088,0.000000,0.000000,0.000000
0.090106,0.000000,0.000000,0.000000
0.066705,0.000000,0.000000,0.000000
0.061303,0.000000,0.000000,0.000000
0.082151,0.000000,0.000000,0.000000
0.032494,0.000000,0.000000,0.000000
0.074170,0.000000,0.000000,0.000000
0.074180,0.000000,0.000000,0.000000
0.097424,0.000000,0.000000,0.000000
0.028534,0.000000,0.000000,0.000000
0.070209,0.000000,0.000000,0.000000
0.046012,0.000000,0.000000,0.000000
0.090222,0.000000,0.000000,0.000000
0.046427,0.000000,0.000000,0.000000
0.066234,0.000000,0.000000,0.000000
0.066241,0.000000,0.000000,0.000000
0.041626,0.000000,0.000000,0.000000
0.086452,0.000000,0.000000,0.000000
0.066257,0.000000,0.000000,0.000000
0.066262,0.000000,0.000000,0.000000
0.066268,0.000000,0.000000,0.000000
0.066275,0.000000,0.000000,0.000000
0.090484,0.000000,0.000000,0.000000
0.094293,0.000000,0.000000,0.000000
0.098304,0.000000,0.000000,0.000000
0.126320,0.000000,0.000000,0.000000
0.110338,0.000000,0.000000,0.000000
0.114358,0.000000,0.000000,0.000000
0.094378,0.000000,0.000000,0.000000
0.118400,0.000000,0.000000,0.000000
0.098423,0.000000,0.000000,0.000000
0.098444,0.000000,0.000000,0.000000
0.074464,0.000000,0.000000,0.000000
0.094485,0.000000,0.000000,0.000000
0.094505,0.000000,0.000000,0.000000
0.094525,0.000000,0.000000,0.000000
0.094545,0.000000,0.000000,0.000000
-0.004777,0.000000,0.000000,0.000000
0.030961,0.000000,0.000000,0.000000
0.070573,0.000000,0.000000,0.000000
0.022173,0.000000,0.000000,0.000000
0.062581,0.000000,0.000000,0.000000
0.086195,0.000000,0.000000,0.000000
0.041972,0.000000,0.000000,0.000000
0.085645,0.000000,0.000000,0.000000
0.091438,0.000000,0.000000,0.000000
0.094615,0.000000,0.000000,0.000000
0.122629,0.000000,0.000000,0.000000
0.598448,0.000000,0.000000,0.000000
0.578608,0.000000,0.000000,0.000000
0.602026,0.000000,0.000000,0.000000
0.607821,0.000000,0.000000,0.000000
0.539147,0.000000,0.000000,0.000000
0.437541,0.000000,0.000000,0.000000
0.457516,0.000000,0.000000,0.000000
0.322929,0.000000,0.000000,0.000000
0.242794,0.000000,0.000000,0.000000
0.288492,0.000000,0.000000,0.000000
0.211335,0.000000,0.000000,0.000000
-0.076390,0.000000,0.000000,0.000000
-0.132650,0.000000,0.000000,0.000000
-0.239494,0.000000,0.000000,0.000000
-0.170973,0.000000,0.000000,0.000000
-0.202085,0.000000,0.000000,0.000000
-0.416019,0.000000,0.000000,0.000000
-0.261467,0.000000,0.000000,0.000000
0.192353,0.000000,0.000000,0.000000
0.183965,0.000000,0.000000,0.000000
0.787371,0.000000,0.000000,0.000000
0.618580,0.000000,0.000000,0.000000
0.853607,0.000000,0.000000,0.000000
0.880903,0.000000,0.000000,0.000000
0.834167,0.000000,0.000000,0.000000
0.859496,0.000000,0.000000,0.000000
0.827217,0.000000,0.000000,0.000000
0.761694,0.000000,0.000000,0.000000
0.622214,0.000000,0.000000,0.000000
0.358514,0.000000,0.000000,0.000000
0.338615,0.000000,0.000000,0.000000
0.178414,0.000000,0.000000,0.000000
0.141935,0.000000,0.000000,0.000000
0.119164,0.000000,0.000000,0.000000
-0.033270,0.000000,0.000000,0.000000
-0.257450,0.000000,0.000000,0.000000
-0.127166,0.000000,0.000000,0.000000
-0.290817,0.000000,0.000000,0.000000
-0.350019,0.000000,0.000000,0.000000
-0.403374,0.000000,0.000000,0.000000
-0.491572,0.000000,0.000000,0.000000
-0.319117,0.000000,0.000000,0.000000
-0.392823,0.000000,0.000000,0.000000
-0.239756,0.000000,0.000000,0.000000
-0.055946,0.000000,0.000000,0.000000
0.024445,0.000000,0.000000,0.000000
0.066091,0.000000,0.000000,0.000000
0.437506,0.000000,0.000000,0.000000
-0.039403,0.000000,0.000000,0.000000
1.000000,0.000000,0.000000,0.000000
0.673838,0.000000,0.000000,0.000000
0.929219,0.000000,0.000000,0.000000
0.660859,0.000000,0.000000,0.000000
0.832859,0.000000,0.000000,0.000000
0.713059,0.000000,0.000000,0.000000
0.918238,0.000000,0.000000,0.000000
0.606164,0.000000,0.000000,0.000000
0.635162,0.000000,0.000000,0.000000
0.547318,0.000000,0.000000,0.000000
-0.012622,0.000000,0.000000,0.000000
0.201573,0.000000,0.000000,0.000000
0.222837,0.000000,0.000000,0.000000
0.063375,0.000000,0.000000,0.000000
0.033303,0.000000,0.000000,0.000000
-0.169014,0.000000,0.000000,0.000000
-0.101622,0.000000,0.000000,0.000000
-0.219178,0.000000,0.000000,0.000000
-0.207594,0.000000,0.000000,0.000000
-0.431828,0.000000,0.000000,0.000000
-0.205274,0.000000,0.000000,0.000000
-0.287270,0.000000,0.000000,0.000000
-0.060232,0.000000,0.000000,0.000000
-0.103040,0.000000,0.000000,0.000000
-0.130014,0.000000,0.000000,0.000000
0.079548,0.000000,0.000000,0.000000
0.205148,0.000000,0.000000,0.000000
0.257849,0.000000,0.000000,0.000000
0.265800,0.000000,0.000000,0.000000
0.341776,0.000000,0.000000,0.000000
0.433932,0.000000,0.000000,0.000000
0.608891,0.000000,0.000000,0.000000
0.489885,0.000000,0.000000,0.000000
0.460253,0.000000,0.000000,0.000000
0.496511,0.000000,0.000000,0.000000
0.383261,0.000000,0.000000,0.000000
0.390025,0.000000,0.000000,0.000000
0.349604,0.000000,0.000000,0.000000
0.301919,0.000000,0.000000,0.000000
0.268015,0.000000,0.000000,0.000000
0.208001,0.000000,0.000000,0.000000
0.186278,0.000000,0.000000,0.000000
0.022347,0.000000,0.000000,0.000000
0.001208,0.000000,0.000000,0.000000
0.079968,0.000000,0.000000,0.000000
0.131446,0.000000,0.000000,0.000000
-0.397252,0.000000,0.000000,0.000000
-0.109402,0.000000,0.000000,0.000000
-0.124356,0.000000,0.000000,0.000000
-0.132095,0.000000,0.000000,0.000000
-0.193960,0.000000,0.000000,0.000000
-0.165822,0.000000,0.000000,0.000000
-0.020602,0.000000,0.000000,0.000000
-0.014526,0.000000,0.000000,0.000000
0.176650,0.000000,0.000000,0.000000
0.129982,0.000000,0.000000,0.000000
0.203004,0.000000,0.000000,0.000000
0.257602,0.000000,0.000000,0.000000
0.281700,0.000000,0.000000,0.000000
0.108847,0.000000,0.000000,0.000000
0.550933,0.000000,0.000000,0.000000
0.346859,0.000000,0.000000,0.000000
0.394926,0.000000,0.000000,0.000000
0.335010,0.000000,0.000000,0.000000
0.300718,0.000000,0.000000,0.000000
0.260057,0.000000,0.000000,0.000000
0.259384,0.000000,0.000000,0.000000
0.185454,0.000000,0.000000,0.000000
0.173899,0.000000,0.000000,0.000000
0.137822,0.000000,0.000000,0.000000
-0.026040,0.000000,0.000000,0.000000
0.030800,0.000000,0.000000,0.000000
-0.015801,0.000000,0.000000,0.000000
-0.052292,0.000000,0.000000,0.000000
0.090578,0.000000,0.000000,0.000000
-0.196763,0.000000,0.000000,0.000000
-0.031758,0.000000,0.000000,0.000000
-0.047942,0.000000,0.000000,0.000000
-0.036578,0.000000,0.000000,0.000000
-0.046101,0.000000,0.000000,0.000000
-0.008378,0.000000,0.000000,0.000000
0.037762,0.000000,0.000000,0.000000
0.043942,0.000000,0.000000,0.000000
0.050162,0.000000,0.000000,0.000000
0.032402,0.000000,0.000000,0.000000
0.058682,0.000000,0.000000,0.000000
0.881683,0.000000,0.000000,0.000000
0.641082,0.000000,0.000000,0.000000
0.528722,0.000000,0.000000,0.000000
0.768763,0.000000,0.000000,0.000000
0.873222,0.000000,0.000000,0.000000
0.593210,0.000000,0.000000,0.000000
0.130447,0.000000,0.000000,0.000000
0.209765,0.000000,0.000000,0.000000
0.313070,0.000000,0.000000,0.000000
0.374355,0.000000,0.000000,0.000000
-0.439389,0.000000,0.000000,0.000000
-0.062587,0.000000,0.000000,0.000000
-0.421582,0.000000,0.000000,0.000000
-0.110071,0.000000,0.000000,0.000000
0.048389,0.000000,0.000000,0.000000
-0.841891,0.000000,0.000000,0.000000
-0.416430,0.000000,0.000000,0.000000
-0.340853,0.000000,0.000000,0.000000
-0.341766,0.000000,0.000000,0.000000
-0.245247,0.000000,0.000000,0.000000
-0.179206,0.000000,0.000000,0.000000
0.019836,0.000000,0.000000,0.000000
0.151496,0.000000,0.000000,0.000000
0.264359,0.000000,0.000000,0.000000
0.343797,0.000000,0.000000,0.000000
0.573831,0.000000,0.000000,0.000000
0.790063,0.000000,0.000000,0.000000
0.521724,0.000000,0.000000,0.000000
0.633395,0.000000,0.000000,0.000000
0.723324,0.000000,0.000000,0.000000
0.750591,0.000000,0.000000,0.000000
0.427171,0.000000,0.000000,0.000000
0.183531,0.000000,0.000000,0.000000
0.115651,0.000000,0.000000,0.000000
0.211651,0.000000,0.000000,0.000000
0.283611,0.000000,0.000000,0.000000
-0.228889,0.000000,0.000000,0.000000
0.230611,0.000000,0.000000,0.000000
-0.418430,0.000000,0.000000,0.000000
-0.239769,0.000000,0.000000,0.000000
-0.301410,0.000000,0.000000,0.000000
-0.267269,0.000000,0.000000,0.000000
-0.241289,0.000000,0.000000,0.000000
-0.251449,0.000000,0.000000,0.000000
-0.161649,0.000000,0.000000,0.000000
-0.147693,0.000000,0.000000,0.000000
-0.082489,0.000000,0.000000,0.000000
0.075835,0.000000,0.000000,0.000000
0.142483,0.000000,0.000000,0.000000
0.204780,0.000000,0.000000,0.000000
0.409579,0.000000,0.000000,0.000000
0.404680,0.000000,0.000000,0.000000
0.556140,0.000000,0.000000,0.000000
0.242460,0.000000,0.000000,0.000000
0.203140,0.000000,0.000000,0.000000
0.370780,0.000000,0.000000,0.000000
0.672186,0.000000,0.000000,0.000000
0.454648,0.000000,0.000000,0.000000
0.447340,0.000000,0.000000,0.000000
0.401557,0.000000,0.000000,0.000000
0.335712,0.000000,0.000000,0.000000
0.259892,0.000000,0.000000,0.000000
0.201670,0.000000,0.000000,0.000000
0.166898,0.000000,0.000000,0.000000
0.073842,0.000000,0.000000,0.000000
0.111300,0.000000,0.000000,0.000000
0.110840,0.000000,0.000000,0.000000
-0.005800,0.000000,0.000000,0.000000
-0.018600,0.000000,0.000000,0.000000
-0.073807,0.000000,0.000000,0.000000
-0.187222,0.000000,0.000000,0.000000
-0.114157,0.000000,0.000000,0.000000
-0.215718,0.000000,0.000000,0.000000
-0.161397,0.000000,0.000000,0.000000
-0.163177,0.000000,0.000000,0.000000
-0.065047,0.000000,0.000000,0.000000
-0.066738,0.000000,0.000000,0.000000
0.002332,0.000000,0.000000,0.000000
0.062915,0.000000,0.000000,0.000000
0.105631,0.000000,0.000000,0.000000
0.151059,0.000000,0.000000,0.000000
0.282160,0.000000,0.000000,0.000000
0.307513,0.000000,0.000000,0.000000
0.291507,0.000000,0.000000,0.000000
0.391702,0.000000,0.000000,0.000000
0.267242,0.000000,0.000000,0.000000
0.282862,0.000000,0.000000,0.000000
0.250123,0.000000,0.000000,0.000000
0.305464,0.000000,0.000000,0.000000
0.273638,0.000000,0.000000,0.000000
0.209990,0.000000,0.000000,0.000000
0.204709,0.000000,0.000000,0.000000
0.177242,0.000000,0.000000,0.000000
0.169679,0.000000,0.000000,0.000000
0.184134,0.000000,0.000000,0.000000
0.086034,0.000000,0.000000,0.000000
0.085911,0.000000,0.000000,0.000000
0.118964,0.000000,0.000000,0.000000
0.086912,0.000000,0.000000,0.000000
-0.021084,0.000000,0.000000,0.000000
0.092338,0.000000,0.000000,0.000000
-0.200315,0.000000,0.000000,0.000000
-0.037455,0.000000,0.000000,0.000000
0.041406,0.000000,0.000000,0.000000
-0.151894,0.000000,0.000000,0.000000
-0.134990,0.000000,0.000000,0.000000
0.005473,0.000000,0.000000,0.000000
-0.040149,0.000000,0.000000,0.000000
-0.045968,0.000000,0.000000,0.000000
0.020630,0.000000,0.000000,0.000000
0.002241,0.000000,0.000000,0.000000
0.135410,0.000000,0.000000,0.000000
0.173258,0.000000,0.000000,0.000000
0.032127,0.000000,0.000000,0.000000
0.273236,0.000000,0.000000,0.000000
0.070259,0.000000,0.000000,0.000000
0.069376,0.000000,0.000000,0.000000
0.500816,0.000000,0.000000,0.000000
0.236336,0.000000,0.000000,0.000000
0.179876,0.000000,0.000000,0.000000
0.159416,0.000000,0.000000,0.000000
0.274276,0.000000,0.000000,0.000000
0.178678,0.000000,0.000000,0.000000
0.130278,0.000000,0.000000,0.000000
0.169898,0.000000,0.000000,0.000000
0.146757,0.000000,0.000000,0.000000
0.139534,0.000000,0.000000,0.000000
0.160599,0.000000,0.000000,0.000000
0.089266,0.000000,0.000000,0.000000
0.147599,0.000000,0.000000,0.000000
0.147089,0.000000,0.000000,0.000000
-0.024395,0.000000,0.000000,0.000000
0.021742,0.000000,0.000000,0.000000
0.147496,0.000000,0.000000,0.000000
-0.090439,0.000000,0.000000,0.000000
-0.019909,0.000000,0.000000,0.000000
0.009945,0.000000,0.000000,0.000000
0.007416,0.000000,0.000000,0.000000
0.027189,0.000000,0.000000,0.000000
0.049736,0.000000,0.000000,0.000000
0.078396,0.000000,0.000000,0.000000
0.083395,0.000000,0.000000,0.000000
0.115280,0.000000,0.000000,0.000000
0.102015,0.000000,0.000000,0.000000
0.134851,0.000000,0.000000,0.000000
0.121279,0.000000,0.000000,0.000000
0.150984,0.000000,0.000000,0.000000
0.125790,0.000000,0.000000,0.000000
0.162247,0.000000,0.000000,0.000000
0.239499,0.000000,0.000000,0.000000
0.049086,0.000000,0.000000,0.000000
0.176533,0.000000,0.000000,0.000000
0.116567,0.000000,0.000000,0.000000
0.116007,0.000000,0.000000,0.000000
0.149467,0.000000,0.000000,0.000000
0.051475,0.000000,0.000000,0.000000
0.110301,0.000000,0.000000,0.000000
0.142285,0.000000,0.000000,0.000000
0.041319,0.000000,0.000000,0.000000
0.138266,0.000000,0.000000,0.000000
0.107966,0.000000,0.000000,0.000000
0.038134,0.000000,0.000000,0.000000
0.032426,0.000000,0.000000,0.000000
-0.123536,0.000000,0.000000,0.000000
0.301212,0.000000,0.000000,0.000000
0.058335,0.000000,0.000000,0.000000
0.087978,0.000000,0.000000,0.000000
0.053588,0.000000,0.000000,0.000000
0.082611,0.000000,0.000000,0.000000
0.150583,0.000000,0.000000,0.000000
0.089331,0.000000,0.000000,0.000000
0.056587,0.000000,0.000000,0.000000
0.083984,0.000000,0.000000,0.000000
0.118955,0.000000,0.000000,0.000000
0.086736,0.000000,0.000000,0.000000
0.086097,0.000000,0.000000,0.000000
0.085424,0.000000,0.000000,0.000000
0.084816,0.000000,0.000000,0.000000
0.050156,0.000000,0.000000,0.000000
0.011456,0.000000,0.000000,0.000000
0.070756,0.000000,0.000000,0.000000
0.036036,0.000000,0.000000,0.000000
0.000096,0.000000,0.000000,0.000000
0.021240,0.000000,0.000000,0.000000
0.051718,0.000000,0.000000,0.000000
0.050937,0.000000,0.000000,0.000000
0.083873,0.000000,0.000000,0.000000
0.053417,0.000000,0.000000,0.000000
0.052635,0.000000,0.000000,0.000000
0.085292,0.000000,0.000000,0.000000
0.089787,0.000000,0.000000,0.000000
0.124727,0.000000,0.000000,0.000000
0.101768,0.000000,0.000000,0.000000
0.103214,0.000000,0.000000,0.000000
0.105993,0.000000,0.000000,0.000000
0.113413,0.000000,0.000000,0.000000
0.116551,0.000000,0.000000,0.000000
0.086293,0.000000,0.000000,0.000000
0.119451,0.000000,0.000000,0.000000
0.089181,0.000000,0.000000,0.000000
0.088657,0.000000,0.000000,0.000000
0.088133,0.000000,0.000000,0.000000
0.121311,0.000000,0.000000,0.000000
0.091067,0.000000,0.000000,0.000000
0.090568,0.000000,0.000000,0.000000
0.055730,0.000000,0.000000,0.000000
0.085461,0.000000,0.000000,0.000000
0.120887,0.000000,0.000000,0.000000
0.088405,0.000000,0.000000,0.000000
0.087927,0.000000,0.000000,0.000000
0.087412,0.000000,0.000000,0.000000
0.018852,0.000000,0.000000,0.000000
0.145733,0.000000,0.000000,0.000000
0.085807,0.000000,0.000000,0.000000
0.051559,0.000000,0.000000,0.000000
0.080732,0.000000,0.000000,0.000000
0.080192,0.000000,0.000000,0.000000
0.079631,0.000000,0.000000,0.000000
0.043843,0.000000,0.000000,0.000000
0.074533,0.000000,0.000000,0.000000
0.073967,0.000000,0.000000,0.000000
0.073385,0.000000,0.000000,0.000000
0.072814,0.000000,0.000000,0.000000
0.072271,0.000000,0.000000,0.000000
0.071733,0.000000,0.000000,0.000000
0.071173,0.000000,0.000000,0.000000
0.070619,0.000000,0.000000,0.000000
0.036615,0.000000,0.000000,0.000000
0.031130,0.000000,0.000000,0.000000
0.060833,0.000000,0.000000,0.000000
0.127674,0.000000,0.000000,0.000000
0.067713,0.000000,0.000000,0.000000
0.134594,0.000000,0.000000,0.000000
0.006027,0.000000,0.000000,0.000000
0.100093,0.000000,0.000000,0.000000
0.103573,0.000000,0.000000,0.000000
0.073053,0.000000,0.000000,0.000000
0.104556,0.000000,0.000000,0.000000
0.112330,0.000000,0.000000,0.000000
0.046431,0.000000,0.000000,0.000000
0.144967,0.000000,0.000000,0.000000
0.116671,0.000000,0.000000,0.000000
0.117736,0.000000,0.000000,0.000000
0.089831,0.000000,0.000000,0.000000
0.089411,0.000000,0.000000,0.000000
0.054971,0.000000,0.000000,0.000000
0.084531,0.000000,0.000000,0.000000
0.183518,0.000000,0.000000,0.000000
0.095771,0.000000,0.000000,0.000000
0.163431,0.000000,0.000000,0.000000
0.071008,0.000000,0.000000,0.000000
0.134302,0.000000,0.000000,0.000000
0.102389,0.000000,0.000000,0.000000
0.102046,0.000000,0.000000,0.000000
0.068826,0.000000,0.000000,0.000000
0.132928,0.000000,0.000000,0.000000
0.100995,0.000000,0.000000,0.000000
0.065400,0.000000,0.000000,0.000000
0.064206,0.000000,0.000000,0.000000
0.091882,0.000000,0.000000,0.000000
0.056878,0.000000,0.000000,0.000000
0.087082,0.000000,0.000000,0.000000
0.087082,0.000000,0.000000,0.000000
0.087082,0.000000,0.000000,0.000000
0.087082,0.000000,0.000000,0.000000
0.087082,0.000000,0.000000,0.000000
0.087082,0.000000,0.000000,0.000000
0.087082,0.000000,0.000000,0.000000
0.087082,0.000000,0.000000,0.000000
0.087082,0.000000,0.000000,0.000000
0.087082,0.000000,0.000000,0.000000
0.087082,0.000000,0.000000,0.000000
0.087082,0.000000,0.000000,0.000000
0.087082,0.000000,0.000000,0.000000
0.087082,0.000000,0.000000,0.000000
0.087082,0.000000,0.000000,0.000000
0.087082,0.000000,0.000000,0.000000
0.087082,0.000000,0.000000,0.000000
0.087082,0.000000,0.000000,0.000000
0.087082,0.000000,0.000000,0.000000
0.087082,0.000000,0.000000,0.000000
0.087082,0.000000,0.000000,0.000000
0.087082,0.000000,0.000000,0.000000
0.087082,0.000000,0.000000,0.000000
0.087082,0.000000,0.000000,0.000000
0.087082,0.000000,0.000000,0.000000
0.087082,0.000000,0.000000,0.000000
0.087082,0.000000,0.000000,0.000000
0.087082,0.000000,0.000000,0.000000
0.087082,0.000000,0.000000,0.000000
0.087082,0.000000,0.000000,0.000000
0.087082,0.000000,0.000000,0.000000
0.087082,0.000000,0.000000,0.000000
0.087082,0.000000,0.000000,0.000000
0.087082,0.000000,0.000000,0.000000
0.087082,0.000000,0.000000,0.000000
0.087082,0.000000,0.000000,0.000000
0.087082,0.000000,0.000000,0.000000
0.087082,0.000000,0.000000,0.000000
0.087082,0.000000,0.000000,0.000000
0.087082,0.000000,0.000000,0.000000
0.087082,0.000000,0.000000,0.000000
0.087082,0.000000,0.000000,0.000000
0.087082,0.000000,0.000000,0.000000
0.087082,0.000000,0.000000,0.000000
0.087082,0.000000,0.000000,0.000000
0.087082,0.000000,0.000000,0.000000
0.087082,0.000000,0.000000,0.000000
0.087082,0.000000,0.000000,0.000000
0.087082,0.000000,0.000000,0.000000
0.087082,0.000000,0.000000,0.000000
0.087082,0.000000,0.000000,0.000000
0.087082,0.000000,0.000000,0.000000
0.087082,0.000000,0.000000,0.000000
0.087082,0.000000,0.000000,0.000000
0.087082,0.000000,0.000000,0.000000
0.087082,0.000000,0.000000,0.000000
0.087082,0.000000,0.000000,0.000000
0.087082,0.000000,0.000000,0.000000
0.087082,0.000000,0.000000,0.000000
0.087082,0.000000,0.000000,0.000000
0.087082,0.000000,0.000000,0.000000
0.087082,0.000000,0.000000,0.000000
0.087082,0.000000,0.000000,0.000000
0.087082,0.000000,0.000000,0.000000
0.087082,0.000000,0.000000,0.000000
0.087082,0.000000,0.000000,0.000000
0.087082,0.000000,0.000000,0.000000
0.087082,0.000000,0.000000,0.000000
0.087082,0.000000,0.000000,0.000000
0.087082,0.000000,0.000000,0.000000
0.087082,0.000000,0.000000,0.000000
0.087082,0.000000,0.000000,0.000000
0.087082,0.000000,0.000000,0.000000
0.087082,0.000000,0.000000,0.000000
0.087082,0.000000,0.000000,0.000000
0.087082,0.000000,0.000000,0.000000
0.087082,0.000000,0.000000,0.000000
0.087082,0.000000,0.000000,0.000000
0.087082,0.000000,0.000000,0.000000
0.087082,0.000000,0.000000,0.000000
0.087082,0.000000,0.000000,0.000000
0.087082,0.000000,0.000000,0.000000
0.087082,0.000000,0.000000,0.000000
0.087082,0.000000,0.000000,0.000000
0.087082,0.000000,0.000000,0.000000
0.087082,0.000000,0.000000,0.000000
0.087082,0.000000,0.000000,0.000000
0.087082,0.000000,0.000000,0.000000
0.087082,0.000000,0.000000,0.000000
0.087082,0.000000,0.000000,0.000000
0.087082,0.000000,0.000000,0.000000
0.087082,0.000000,0.000000,0.000000
0.087082,0.000000,0.000000,0.000000
0.087082,0.000000,0.000000,0.000000
0.087082,0.000000,0.000000,0.000000
0.087082,0.000000,0.000000,0.000000
0.087082,0.000000,0.000000,0.000000
0.087082,0.000000,0.000000,0.000000
0.087082,0.000000,0.000000,0.000000
0.087082,0.000000,0.000000,0.000000
0.087082,0.000000,0.000000,0.000000
0.087082,0.000000,0.000000,0.000000
0.087082,0.000000,0.000000,0.000000
0.087082,0.000000,0.000000,0.000000
0.087082,0.000000,0.000000,0.000000
0.087082,0.000000,0.000000,0.000000
0.087082,0.000000,0.000000,0.000000
0.087082,0.000000,0.000000,0.000000
0.087082,0.000000,0.000000,0.000000
0.087082,0.000000,0.000000,0.000000
0.087082,0.000000,0.000000,0.000000
0.087082,0.000000,0.000000,0.000000
0.087082,0.000000,0.000000,0.000000
0.087082,0.000000,0.000000,0.000000
0.087082,0.000000,0.000000,0.000000
0.087082,0.000000,0.000000,0.000000
0.087082,0.000000,0.000000,0.000000
0.087082,0.000000,0.000000,0.000000
0.087082,0.000000,0.000000,0.000000
0.087082,0.000000,0.000000,0.000000
0.087082,0.000000,0.000000,0.000000
0.087082,0.000000,0.000000,0.000000
0.087082,0.000000,0.000000,0.000000
0.087082,0.000000,0.000000,0.000000
0.087082,0.000000,0.000000,0.000000
0.087082,0.000000,0.000000,0.000000
0.087082,0.000000,0.000000,0.000000
0.087082,0.000000,0.000000,0.000000
0.087082,0.000000,0.000000,0.000000
0.087082,0.000000,0.000000,0.000000
0.087082,0.000000,0.000000,0.000000
0.087082,0.000000,0.000000,0.000000
0.087082,0.000000,0.000000,0.000000
0.087082,0.000000,0.000000,0.000000
0.087082,0.000000,0.000000,0.000000
0.087082,0.000000,0.000000,0.000000
0.087082,0.000000,0.000000,0.000000
0.087082,0.000000,0.000000,0.000000
0.087082,0.000000,0.000000,0.000000
0.087082,0.000000,0.000000,0.000000
0.087082,0.000000,0.000000,0.000000
0.087082,0.000000,0.000000,0.000000
0.087082,0.000000,0.000000,0.000000
0.087082,0.000000,0.000000,0.000000
0.087082,0.000000,0.000000,0.000000
0.087082,0.000000,0.000000,0.000000
0.087082,0.000000,0.000000,0.000000
0.087082,0.000000,0.000000,0.000000
0.087082,0.000000,0.000000,0.000000
0.087082,0.000000,0.000000,0.000000
0.087082,0.000000,0.000000,0.000000
0.087082,0.000000,0.000000,0.000000
0.087082,0.000000,0.000000,0.000000
0.087082,0.000000,0.000000,0.000000
0.087082,0.000000,0.000000,0.000000
0.087082,0.000000,0.000000,0.000000
0.087082,0.000000,0.000000,0.000000
0.087082,0.000000,0.000000,0.000000
0.087082,0.000000,0.000000,0.000000
0.087082,0.000000,0.000000,0.000000
0.087082,0.000000,0.000000,0.000000
0.087082,0.000000,0.000000,0.000000
0.087082,0.000000,0.000000,0.000000
0.087082,0.000000,0.000000,0.000000
0.087082,0.000000,0.000000,0.000000
0.087082,0.000000,0.000000,0.000000
0.087082,0.000000,0.000000,0.000000
0.087082,0.000000,0.000000,0.000000
0.087082,0.000000,0.000000,0.000000
0.087082,0.000000,0.000000,0.000000
0.087082,0.000000,0.000000,0.000000
0.087082,0.000000,0.000000,0.000000
0.087082,0.000000,0.000000,0.000000
0.087082,0.000000,0.000000,0.000000
0.087082,0.000000,0.000000,0.000000
0.087082,0.000000,0.000000,0.000000
0.087082,0.000000,0.000000,0.000000
0.087082,0.000000,0.000000,0.000000
0.087082,0.000000,0.000000,0.000000
0.087082,0.000000,0.000000,0.000000
0.087082,0.000000,0.000000,0.000000
0.087082,0.000000,0.000000,0.000000
0.087082,0.000000,0.000000,0.000000
0.087082,0.000000,0.000000,0.000000
0.087082,0.000000,0.000000,0.000000
0.087082,0.000000,0.000000,0.000000
0.087082,0.000000,0.000000,0.000000
0.087082,0.000000,0.000000,0.000000
0.087082,0.000000,0.000000,0.000000
0.087082,0.000000,0.000000,0.000000
0.087082,0.000000,0.000000,0.000000
0.087082,0.000000,0.000000,0.000000
0.087082,0.000000,0.000000,0.000000
0.087082,0.000000,0.000000,0.000000
0.087082,0.000000,0.000000,0.000000
0.087082,0.000000,0.000000,0.000000
0.087082,0.000000,0.000000,0.000000
0.087082,0.000000,0.000000,0.000000
0.087082,0.000000,0.000000,0.000000
0.087082,0.000000,0.000000,0.000000
0.087082,0.000000,0.000000,0.000000
0.087082,0.000000,0.000000,0.000000
0.087082,0.000000,0.000000,0.000000
0.087082,0.000000,0.000000,0.000000
0.087082,0.000000,0.000000,0.000000
0.087082,0.000000,0.000000,0.000000
0.087082,0.000000,0.000000,0.000000
0.087082,0.000000,0.000000,0.000000
0.087082,0.000000,0.000000,0.000000
0.087082,0.000000,0.000000,0.000000
0.087082,0.000000,0.000000,0.000000
0.087082,0.000000,0.000000,0.000000
0.087082,0.000000,0.000000,0.000000
0.087082,0.000000,0.000000,0.000000
0.087082,0.000000,0.000000,0.000000
0.087082,0.000000,0.000000,0.000000
0.087082,0.000000,0.000000,0.000000
0.087082,0.000000,0.000000,0.000000
0.087082,0.000000,0.000000,0.000000
0.087082,0.000000,0.000000,0.000000
0.087082,0.000000,0.000000,0.000000
0.087082,0.000000,0.000000,0.000000
0.087082,0.000000,0.000000,0.000000
0.087082,0.000000,0.000000,0.000000
0.087082,0.000000,0.000000,0.000000
0.087082,0.000000,0.000000,0.000000
0.087082,0.000000,0.000000,0.000000
0.087082,0.000000,0.000000,0.000000
0.087082,0.000000,0.000000,0.000000
0.087082,0.000000,0.000000,0.000000
0.087082,0.000000,0.000000,0.000000
0.087082,0.000000,0.000000,0.000000
0.087082,0.000000,0.000000,0.000000
0.087082,0.000000,0.000000,0.000000
0.087082,0.000000,0.000000,0.000000
0.087082,0.000000,0.000000,0.000000
0.087082,0.000000,0.000000,0.000000
0.087082,0.000000,0.000000,0.000000
0.087082,0.000000,0.000000,0.000000
0.087082,0.000000,0.000000,0.000000
0.087082,0.000000,0.000000,0.000000
0.087082,0.000000,0.000000,0.000000
0.087082,0.000000,0.000000,0.000000
0.087082,0.000000,0.000000,0.000000
0.087082,0.000000,0.000000,0.000000
0.087082,0.000000,0.000000,0.000000
0.087082,0.000000,0.000000,0.000000
0.087082,0.000000,0.000000,0.000000
0.087082,0.000000,0.000000,0.000000
0.087082,0.000000,0.000000,0.000000
0.087082,0.000000,0.000000,0.000000
0.087082,0.000000,0.000000,0.000000
0.087082,0.000000,0.000000,0.000000
0.087082,0.000000,0.000000,0.000000
0.087082,0.000000,0.000000,0.000000
0.087082,0.000000,0.000000,0.000000
0.087082,0.000000,0.000000,0.000000
0.087082,0.000000,0.000000,0.000000
0.087082,0.000000,0.000000,0.000000
0.087082,0.000000,0.000000,0.000000
0.087082,0.000000,0.000000,0.000000
0.087082,0.000000,0.000000,0.000000
0.087082,0.000000,0.000000,0.000000
0.087082,0.000000,0.000000,0.000000
0.087082,0.000000,0.000000,0.000000
0.087082,0.000000,0.000000,0.000000
0.087082,0.000000,0.000000,0.000000
0.087082,0.000000,0.000000,0.000000
0.087082,0.000000,0.000000,0.000000
0.087082,0.000000,0.000000,0.000000
0.087082,0.000000,0.000000,0.000000
0.087082,0.000000,0.000000,0.000000
0.087082,0.000000,0.000000,0.000000
0.087082,0.000000,0.000000,0.000000
0.087082,0.000000,0.000000,0.000000
0.087082,0.000000,0.000000,0.000000
0.087082,0.000000,0.000000,0.000000
0.087082,0.000000,0.000000,0.000000
0.087082,0.000000,0.000000,0.000000
0.087082,0.000000,0.000000,0.000000
0.087082,0.000000,0.000000,0.000000
0.087082,0.000000,0.000000,0.000000
0.087082,0.000000,0.000000,0.000000
0.087082,0.000000,0.000000,0.000000
0.087082,0.000000,0.000000,0.000000
0.087082,0.000000,0.000000,0.000000
0.087082,0.000000,0.000000,0.000000
0.087082,0.000000,0.000000,0.000000
0.087082,0.000000,0.000000,0.000000
0.087082,0.000000,0.000000,0.000000
0.087082,0.000000,0.000000,0.000000
0.087082,0.000000,0.000000,0.000000
0.087082,0.000000,0.000000,0.000000
0.087082,0.000000,0.000000,0.000000
0.087082,0.000000,0.000000,0.000000
0.087082,0.000000,0.000000,0.000000
0.087082,0.000000,0.000000,0.000000
0.087082,0.000000,0.000000,0.000000
0.087082,0.000000,0.000000,0.000000
0.087082,0.000000,0.000000,0.000000
0.087082,0.000000,0.000000,0.000000
0.087082,0.000000,0.000000,0.000000
0.087082,0.000000,0.000000,0.000000
0.087082,0.000000,0.000000,0.000000
0.087082,0.000000,0.000000,0.000000
0.087082,0.000000,0.000000,0.000000
0.087082,0.000000,0.000000,0.000000
0.087082,0.000000,0.000000,0.000000
0.087082,0.000000,0.000000,0.000000
0.087082,0.000000,0.000000,0.000000
