0.940000,2160.211914,0.000000,0.000000,0.940000,-116.800003, 2.500000,-5.000000
0.900000,2160.377930,0.000000,0.000000,0.900000,-117.099998, 2.300000,-5.000000
0.890000,2160.478027,0.000000,0.000000,0.890000,-117.300003, 2.100000,-5.000000
0.880000,2160.580078,0.000000,0.000000,0.880000,-117.599998, 1.900000,-5.000000
0.880000,2160.712891,0.000000,0.000000,0.880000,-117.699997, 1.800000,-5.100000
0.880000,2160.813965,0.000000,0.000000,0.880000,-117.599998, 1.800000,-5.000000
0.880000,2160.912109,0.000000,0.000000,0.880000,-117.500000, 1.800000,-4.900000
0.860000,2161.013916,0.000000,0.000000,0.860000,-117.500000, 1.800000,-4.800000
0.830000,2161.886963,0.000000,0.000000,0.830000,-117.599998, 1.800000,-4.800000
0.810000,2161.212891,0.000000,0.000000,0.810000,-117.699997, 1.900000,-4.800000
0.780000,2161.345947,0.000000,0.000000,0.780000,-117.900002, 1.800000,-4.700000
0.780000,2161.447021,0.000000,0.000000,0.780000,-118.099998, 1.700000,-4.800000
0.710000,2161.544922,0.000000,0.000000,0.710000,-118.199997, 1.500000,-4.800000
0.690000,2161.655029,0.000000,0.000000,0.690000,-118.099998, 1.500000,-4.900000
0.630000,2161.745117,0.000000,0.000000,0.630000,-118.000000, 1.500000,-4.800000
0.570000,2161.845947,0.000000,0.000000,0.570000,-117.900002, 1.400000,-4.500000
0.500000,2161.946045,0.000000,0.000000,0.500000,-117.900002, 1.000000,-4.200000
0.370000,2162.217041,0.000000,0.000000,0.370000,-117.900002, 0.800000,-4.100000
0.280000,2162.145996,0.000000,0.000000,0.280000,-117.699997, 0.000000,-4.600000
0.230000,2162.246094,0.000000,0.000000,0.230000,-117.699997, 1.200000,-9.000000
0.230000,2162.346924,0.000000,0.000000,0.230000,-118.000000, 0.300000,-7.100000
0.250000,2162.447021,0.000000,0.000000,0.250000,-117.900002, -0.000000,-5.800000
0.260000,2162.550049,0.000000,0.000000,0.260000,-117.800003, -0.400000,-5.600000
0.270000,2162.646973,0.000000,0.000000,0.270000,-117.500000, -0.400000,-5.200000
0.230000,2162.749023,0.000000,0.000000,0.230000,-117.199997, 0.600000,-5.000000
0.230000,2162.846924,0.000000,0.000000,0.230000,-117.000000, 0.800000,-5.200000
0.230000,2162.954102,0.000000,0.000000,0.230000,-117.199997, 2.200000,-4.500000
0.230000,2163.297119,0.000000,0.000000,0.230000,-116.900002, 2.000000,-4.500000
0.230000,2163.154053,0.000000,0.000000,0.230000,-116.800003, 2.400000,-4.000000
0.230000,2163.246094,0.000000,0.000000,0.230000,-116.699997, 1.300000,-3.700000
0.230000,2163.345947,0.000000,0.000000,0.230000,-116.500000, 1.900000,-4.000000
0.230000,2163.445068,0.000000,0.000000,0.230000,-116.300003, 1.800000,-4.000000
0.230000,2163.552979,0.000000,0.000000,0.230000,-116.099998, 1.900000,-4.100000
0.230000,2163.645996,0.000000,0.000000,0.230000,-115.900002, 1.900000,-4.100000
0.230000,2163.747070,0.000000,0.000000,0.230000,-115.699997, 1.900000,-4.100000
0.230000,2163.854004,0.000000,0.000000,0.230000,-115.500000, 1.900000,-4.100000
0.230000,2163.979004,0.000000,0.000000,0.230000,-115.199997, 1.900000,-4.100000
0.230000,2164.547119,0.000000,0.000000,0.230000,-115.000000, 1.900000,-4.100000
0.230000,2164.186035,0.000000,0.000000,0.230000,-114.800003, 1.900000,-4.100000
0.230000,2164.287109,0.000000,0.000000,0.230000,-114.599998, 1.900000,-4.100000
0.230000,2164.378906,0.000000,0.000000,0.230000,-114.400002, 1.900000,-4.100000
0.230000,2164.479004,0.000000,0.000000,0.230000,-114.199997, 2.000000,-4.200000
0.230000,2164.579102,0.000000,0.000000,0.230000,-114.000000, 1.900000,-4.200000
0.230000,2164.685059,0.000000,0.000000,0.230000,-113.900002, 2.000000,-4.200000
0.230000,2164.779053,0.000000,0.000000,0.230000,-113.599998, 2.000000,-4.200000
0.230000,2164.878906,0.000000,0.000000,0.230000,-113.400002, 2.000000,-4.200000
0.230000,2164.979004,0.000000,0.000000,0.230000,-113.199997, 1.900000,-4.200000
0.230000,2165.547119,0.000000,0.000000,0.230000,-113.000000, 1.900000,-4.200000
0.230000,2165.178955,0.000000,0.000000,0.230000,-112.800003, 1.900000,-4.300000
0.230000,2165.280029,0.000000,0.000000,0.230000,-112.599998, 1.900000,-4.300000
0.230000,2165.385010,0.000000,0.000000,0.230000,-112.400002, 1.900000,-4.300000
0.230000,2165.479980,0.000000,0.000000,0.230000,-112.199997, 1.900000,-4.300000
0.230000,2165.580078,0.000000,0.000000,0.230000,-111.900002, 1.900000,-4.300000
0.230000,2165.679932,0.000000,0.000000,0.230000,-111.699997, 1.900000,-4.300000
0.230000,2165.788086,0.000000,0.000000,0.230000,-111.599998, 1.900000,-4.300000
0.230000,2165.878906,0.000000,0.000000,0.230000,-111.400002, 1.900000,-4.300000
0.230000,2165.979004,0.000000,0.000000,0.230000,-111.199997, 1.900000,-4.300000
0.230000,2166.547119,0.000000,0.000000,0.230000,-111.099998, 1.900000,-4.300000
0.230000,2166.179932,0.000000,0.000000,0.230000,-110.900002, 1.900000,-4.400000
0.230000,2166.281006,0.000000,0.000000,0.230000,-110.699997, 1.900000,-4.400000
0.230000,2166.412109,0.000000,0.000000,0.230000,-110.599998, 1.900000,-4.400000
0.230000,2166.522949,0.000000,0.000000,0.230000,-110.400002, 1.900000,-4.400000
0.230000,2166.612061,0.000000,0.000000,0.230000,-110.199997, 1.900000,-4.400000
0.230000,2166.722900,0.000000,0.000000,0.230000,-110.000000, 1.900000,-4.400000
0.230000,2166.821045,0.000000,0.000000,0.230000,-109.800003, 1.900000,-4.400000
0.230000,2166.915039,0.000000,0.000000,0.230000,-109.699997, 1.900000,-4.400000
0.230000,2167.013916,0.000000,0.000000,0.230000,-109.500000, 2.000000,-4.500000
0.230000,2167.886963,0.000000,0.000000,0.230000,-109.300003, 2.000000,-4.400000
0.230000,2167.212891,0.000000,0.000000,0.230000,-109.199997, 2.000000,-4.500000
0.230000,2167.312988,0.000000,0.000000,0.230000,-109.000000, 2.000000,-4.500000
0.230000,2167.422119,0.000000,0.000000,0.230000,-108.800003, 2.000000,-4.500000
0.230000,2167.512939,0.000000,0.000000,0.230000,-108.699997, 2.000000,-4.500000
0.230000,2167.613037,0.000000,0.000000,0.230000,-108.500000, 2.000000,-4.500000
0.230000,2167.720947,0.000000,0.000000,0.230000,-108.300003, 2.000000,-4.500000
0.230000,2167.812988,0.000000,0.000000,0.230000,-108.199997, 2.000000,-4.500000
0.230000,2167.916016,0.000000,0.000000,0.230000,-108.000000, 2.000000,-4.500000
0.230000,2168.020020,0.000000,0.000000,0.230000,-107.900002, 2.000000,-4.500000
0.230000,2168.876953,0.000000,0.000000,0.230000,-107.699997, 2.000000,-4.600000
0.230000,2168.212891,0.000000,0.000000,0.230000,-107.500000, 2.000000,-4.600000
0.230000,2168.312988,0.000000,0.000000,0.230000,-107.300003, 2.100000,-4.600000
0.230000,2168.412109,0.000000,0.000000,0.230000,-107.199997, 2.100000,-4.600000
0.230000,2168.512939,0.000000,0.000000,0.230000,-107.000000, 2.000000,-4.600000
0.230000,2168.612061,0.000000,0.000000,0.230000,-106.900002, 2.000000,-4.500000
0.230000,2168.711914,0.000000,0.000000,0.230000,-106.699997, 2.000000,-4.400000
0.230000,2168.812012,0.000000,0.000000,0.230000,-106.599998, 2.000000,-4.400000
0.230000,2168.912109,0.000000,0.000000,0.230000,-106.400002, 2.000000,-4.300000
0.230000,2169.257080,0.000000,0.000000,0.230000,-106.300003, 2.100000,-3.900000
0.230000,2169.145020,0.000000,0.000000,0.230000,-106.099998, 2.100000,-4.100000
0.230000,2169.248047,0.000000,0.000000,0.230000,-105.900002, 1.900000,-4.100000
0.230000,2169.322998,0.000000,0.000000,0.230000,-105.800003, 2.000000,-4.300000
0.230000,2169.447021,0.000000,0.000000,0.230000,-105.000000, 1.400000,-4.600000
0.230000,2169.552979,0.000000,0.000000,0.230000,-103.699997, 0.400000,-4.700000
0.230000,2169.647949,0.000000,0.000000,0.230000,-102.300003, -0.000000,-5.100000
0.230000,2169.746094,0.000000,0.000000,0.230000,-101.599998, -0.400000,-5.600000
0.200000,2169.846924,0.000000,0.000000,0.200000,-101.400002, -0.300000,-5.700000
0.230000,2169.946045,0.000000,0.000000,0.230000,-102.300003, -0.300000,-5.900000
0.280000,2170.217041,0.000000,0.000000,0.280000,-103.699997, 0.400000,-5.600000
0.320000,2170.146973,0.000000,0.000000,0.320000,-105.000000, 0.200000,-4.900000
0.350000,2170.249023,0.000000,0.000000,0.350000,-106.300003, -0.200000,-5.100000
0.390000,2170.346924,0.000000,0.000000,0.390000,-107.300003, -0.900000,-5.100000
0.430000,2170.446045,0.000000,0.000000,0.430000,-107.800003, -0.900000,-5.100000
0.470000,2170.547119,0.000000,0.000000,0.470000,-108.400002, -0.300000,-5.100000
0.490000,2170.645996,0.000000,0.000000,0.490000,-108.800003, 0.300000,-5.300000
0.520000,2170.746094,0.000000,0.000000,0.520000,-109.099998, 0.900000,-5.200000
0.550000,2170.846924,0.000000,0.000000,0.550000,-109.300003, 1.300000,-5.200000
0.560000,2170.947021,0.000000,0.000000,0.560000,-109.300003, 1.600000,-5.100000
0.560000,2171.257080,0.000000,0.000000,0.560000,-109.300003, 1.800000,-4.900000
0.630000,2171.146973,0.000000,0.000000,0.630000,-109.400002, 1.900000,-4.700000
0.640000,2171.247070,0.000000,0.000000,0.640000,-109.500000, 2.100000,-4.700000
0.640000,2171.346924,0.000000,0.000000,0.640000,-109.699997, 2.100000,-4.600000
0.640000,2171.448975,0.000000,0.000000,0.640000,-110.099998, 2.300000,-4.600000
0.600000,2171.545898,0.000000,0.000000,0.600000,-110.400002, 2.500000,-4.600000
0.560000,2171.646973,0.000000,0.000000,0.560000,-111.400002, 2.600000,-3.500000
0.480000,2171.779053,0.000000,0.000000,0.480000,-112.300003, 2.700000,-2.000000
0.420000,2171.882080,0.000000,0.000000,0.420000,-112.800003, 2.700000,-1.900000
0.350000,2171.979004,0.000000,0.000000,0.350000,-112.900002, 2.900000,-2.300000
0.350000,2172.606934,0.000000,0.000000,0.350000,-112.900002, 2.900000,-2.300000
0.350000,2172.185059,0.000000,0.000000,0.350000,-112.900002, 2.900000,-2.300000
0.250000,2172.279053,0.000000,0.000000,0.250000,-112.500000, -0.800000,-9.000000
0.250000,2172.379883,0.000000,0.000000,0.250000,-112.199997, 0.400000,-5.800000
0.250000,2172.479004,0.000000,0.000000,0.250000,-113.400002, 3.200000,-3.000000
0.250000,2172.580078,0.000000,0.000000,0.250000,-113.500000, 1.300000,-3.700000
0.250000,2172.680908,0.000000,0.000000,0.250000,-113.599998, 2.700000,-4.400000
0.250000,2172.781006,0.000000,0.000000,0.250000,-113.500000, 1.500000,-4.800000
0.250000,2172.885010,0.000000,0.000000,0.250000,-113.599998, 2.000000,-4.700000
0.250000,2172.979004,0.000000,0.000000,0.250000,-113.500000, 1.900000,-4.700000
0.250000,2173.626953,0.000000,0.000000,0.250000,-113.599998, 1.900000,-4.700000
0.250000,2173.178955,0.000000,0.000000,0.250000,-113.599998, 1.900000,-4.700000
0.250000,2173.287109,0.000000,0.000000,0.250000,-113.599998, 1.900000,-4.700000
0.250000,2173.386963,0.000000,0.000000,0.250000,-113.599998, 1.900000,-4.800000
0.250000,2173.488037,0.000000,0.000000,0.250000,-113.599998, 1.900000,-4.800000
0.250000,2173.579102,0.000000,0.000000,0.250000,-113.599998, 1.900000,-4.800000
0.250000,2173.687012,0.000000,0.000000,0.250000,-113.599998, 1.900000,-4.800000
0.250000,2173.780029,0.000000,0.000000,0.250000,-113.599998, 2.000000,-4.800000
0.250000,2173.879883,0.000000,0.000000,0.250000,-113.599998, 2.000000,-4.800000
0.250000,2174.012939,0.000000,0.000000,0.250000,-113.599998, 2.000000,-4.800000
0.250000,2174.876953,0.000000,0.000000,0.250000,-113.599998, 2.000000,-4.900000
0.250000,2174.211914,0.000000,0.000000,0.250000,-113.599998, 2.000000,-4.900000
0.250000,2174.315918,0.000000,0.000000,0.250000,-113.599998, 2.000000,-4.900000
0.250000,2174.414062,0.000000,0.000000,0.250000,-113.699997, 2.000000,-5.000000
0.250000,2174.511963,0.000000,0.000000,0.250000,-113.699997, 2.000000,-5.000000
0.250000,2174.612061,0.000000,0.000000,0.250000,-113.699997, 2.000000,-5.000000
0.250000,2174.712891,0.000000,0.000000,0.250000,-113.699997, 1.900000,-5.000000
0.250000,2174.812988,0.000000,0.000000,0.250000,-113.699997, 2.000000,-5.100000
0.250000,2174.913086,0.000000,0.000000,0.250000,-113.699997, 2.000000,-5.100000
0.250000,2175.012939,0.000000,0.000000,0.250000,-113.699997, 2.000000,-5.100000
0.250000,2175.886963,0.000000,0.000000,0.250000,-113.699997, 2.000000,-5.100000
0.250000,2175.212891,0.000000,0.000000,0.250000,-113.699997, 2.000000,-5.100000
0.250000,2175.314941,0.000000,0.000000,0.250000,-113.699997, 2.000000,-5.100000
0.250000,2175.414062,0.000000,0.000000,0.250000,-113.699997, 2.000000,-5.200000
0.250000,2175.513916,0.000000,0.000000,0.250000,-113.699997, 2.000000,-5.200000
0.250000,2175.613037,0.000000,0.000000,0.250000,-113.699997, 2.000000,-5.200000
0.250000,2175.722900,0.000000,0.000000,0.250000,-113.800003, 2.000000,-5.200000
0.250000,2175.813965,0.000000,0.000000,0.250000,-113.800003, 2.000000,-5.200000
0.250000,2175.914062,0.000000,0.000000,0.250000,-113.800003, 2.000000,-5.200000
0.250000,2176.011963,0.000000,0.000000,0.250000,-113.800003, 2.100000,-5.300000
0.250000,2176.957031,0.000000,0.000000,0.250000,-113.800003, 2.100000,-5.300000
0.250000,2176.212891,0.000000,0.000000,0.250000,-113.800003, 2.100000,-5.300000
0.250000,2176.321045,0.000000,0.000000,0.250000,-113.800003, 2.100000,-5.300000
0.250000,2176.414062,0.000000,0.000000,0.250000,-113.900002, 2.100000,-5.300000
0.250000,2176.512939,0.000000,0.000000,0.250000,-113.900002, 2.100000,-5.300000
0.250000,2176.613037,0.000000,0.000000,0.250000,-113.900002, 2.100000,-5.300000
0.250000,2176.746094,0.000000,0.000000,0.250000,-113.900002, 2.100000,-5.400000
0.250000,2176.845947,0.000000,0.000000,0.250000,-113.900002, 2.100000,-5.400000
0.250000,2176.945068,0.000000,0.000000,0.250000,-114.000000, 2.100000,-5.400000
0.250000,2177.287109,0.000000,0.000000,0.250000,-114.000000, 2.100000,-5.400000
0.250000,2177.145996,0.000000,0.000000,0.250000,-114.000000, 2.100000,-5.400000
0.250000,2177.247070,0.000000,0.000000,0.250000,-114.000000, 2.100000,-5.400000
0.250000,2177.347900,0.000000,0.000000,0.250000,-114.000000, 2.100000,-5.400000
0.250000,2177.447998,0.000000,0.000000,0.250000,-114.099998, 2.100000,-5.400000
0.250000,2177.547119,0.000000,0.000000,0.250000,-114.099998, 2.100000,-5.400000
0.250000,2177.647949,0.000000,0.000000,0.250000,-114.099998, 2.200000,-5.500000
0.250000,2177.748047,0.000000,0.000000,0.250000,-114.099998, 2.200000,-5.500000
0.250000,2177.846924,0.000000,0.000000,0.250000,-114.099998, 2.200000,-5.500000
0.250000,2177.948975,0.000000,0.000000,0.250000,-114.199997, 2.200000,-5.500000
0.250000,2178.217041,0.000000,0.000000,0.250000,-114.199997, 2.100000,-5.500000
0.250000,2178.149902,0.000000,0.000000,0.250000,-114.199997, 2.100000,-5.500000
0.250000,2178.249023,0.000000,0.000000,0.250000,-114.199997, 2.000000,-5.500000
0.250000,2178.345947,0.000000,0.000000,0.250000,-114.300003, 2.000000,-5.400000
0.250000,2178.446045,0.000000,0.000000,0.250000,-114.300003, 1.900000,-5.400000
0.250000,2178.547119,0.000000,0.000000,0.250000,-114.300003, 1.800000,-5.400000
0.250000,2178.646973,0.000000,0.000000,0.250000,-114.400002, 1.600000,-5.400000
0.250000,2178.749023,0.000000,0.000000,0.250000,-114.400002, 1.600000,-5.400000
0.250000,2178.847900,0.000000,0.000000,0.250000,-114.400002, 1.200000,-5.400000
0.250000,2178.947021,0.000000,0.000000,0.250000,-114.400002, 0.500000,-5.300000
0.250000,2179.217041,0.000000,0.000000,0.250000,-114.300003, -0.800000,-5.000000
0.250000,2179.147949,0.000000,0.000000,0.250000,-113.900002, -2.900000,-5.100000
0.250000,2179.247070,0.000000,0.000000,0.250000,-114.099998, -5.000000,-5.800000
0.250000,2179.379883,0.000000,0.000000,0.250000,-113.599998, -4.700000,-4.700000
0.250000,2179.486084,0.000000,0.000000,0.250000,-113.099998, -4.700000,-5.400000
0.250000,2179.580078,0.000000,0.000000,0.250000,-112.699997, -4.700000,-6.200000
0.250000,2179.678955,0.000000,0.000000,0.250000,-112.699997, -5.000000,-6.800000
0.200000,2179.790039,0.000000,0.000000,0.200000,-113.199997, -5.700000,-7.200000
0.200000,2179.884033,0.000000,0.000000,0.200000,-114.000000, -6.100000,-7.200000
0.220000,2179.979980,0.000000,0.000000,0.220000,-114.800003, -6.000000,-6.500000
0.240000,2180.566895,0.000000,0.000000,0.240000,-115.599998, -5.400000,-6.400000
0.250000,2180.178955,0.000000,0.000000,0.250000,-116.099998, -4.700000,-6.400000
0.270000,2180.284912,0.000000,0.000000,0.270000,-116.699997, -4.000000,-6.100000
0.270000,2180.379883,0.000000,0.000000,0.270000,-117.000000, -0.400000,-5.600000
0.250000,2180.479980,0.000000,0.000000,0.250000,-117.099998, 5.400000,-5.200000
0.230000,2180.579102,0.000000,0.000000,0.230000,-117.000000, 11.600000,-4.100000
0.220000,2180.684082,0.000000,0.000000,0.220000,-116.800003, 17.400000,-2.800000
0.220000,2180.779053,0.000000,0.000000,0.220000,-116.800003, 22.299999,-1.200000
0.200000,2180.882080,0.000000,0.000000,0.200000,-116.099998, 24.500000,-1.300000
0.200000,2180.979004,0.000000,0.000000,0.200000,-113.599998, 19.400000,-5.300000
0.210000,2181.556885,0.000000,0.000000,0.210000,-105.500000, 8.500000,-9.500000
0.210000,2181.181885,0.000000,0.000000,0.210000,-101.800003, -0.300000,-8.000000
0.210000,2181.279053,0.000000,0.000000,0.210000,-102.900002, 1.500000,-4.800000
0.210000,2181.379883,0.000000,0.000000,0.210000,-103.000000, 0.800000,-5.900000
0.210000,2181.489990,0.000000,0.000000,0.210000,-103.199997, 1.000000,-5.600000
0.210000,2181.580078,0.000000,0.000000,0.210000,-103.500000, 1.000000,-5.700000
0.210000,2181.715088,0.000000,0.000000,0.210000,-103.800003, 1.100000,-5.700000
0.210000,2181.813965,0.000000,0.000000,0.210000,-104.000000, 1.100000,-5.700000
0.210000,2181.914062,0.000000,0.000000,0.210000,-104.300003, 1.100000,-5.700000
0.210000,2182.020020,0.000000,0.000000,0.210000,-104.500000, 1.100000,-5.700000
0.210000,2182.886963,0.000000,0.000000,0.210000,-104.699997, 1.100000,-5.700000
0.210000,2182.214111,0.000000,0.000000,0.210000,-104.900002, 1.100000,-5.700000
0.210000,2182.313965,0.000000,0.000000,0.210000,-105.199997, 1.100000,-5.700000
0.210000,2182.418945,0.000000,0.000000,0.210000,-105.400002, 1.100000,-5.700000
0.210000,2182.512939,0.000000,0.000000,0.210000,-105.599998, 1.100000,-5.700000
0.210000,2182.614014,0.000000,0.000000,0.210000,-105.800003, 1.100000,-5.700000
0.210000,2182.718994,0.000000,0.000000,0.210000,-106.099998, 1.100000,-5.800000
0.210000,2182.812988,0.000000,0.000000,0.210000,-106.300003, 1.100000,-5.800000
0.210000,2182.918945,0.000000,0.000000,0.210000,-106.500000, 1.100000,-5.800000
0.210000,2183.013916,0.000000,0.000000,0.210000,-106.699997, 1.100000,-5.800000
0.210000,2183.886963,0.000000,0.000000,0.210000,-107.000000, 1.100000,-5.700000
0.210000,2183.212891,0.000000,0.000000,0.210000,-107.199997, 1.200000,-5.800000
0.210000,2183.319092,0.000000,0.000000,0.210000,-107.400002, 1.100000,-5.800000
0.210000,2183.412109,0.000000,0.000000,0.210000,-107.599998, 1.200000,-5.800000
0.210000,2183.512939,0.000000,0.000000,0.210000,-107.900002, 1.200000,-5.800000
0.210000,2183.614990,0.000000,0.000000,0.210000,-108.099998, 1.200000,-5.800000
0.210000,2183.711914,0.000000,0.000000,0.210000,-108.300003, 1.200000,-5.800000
0.210000,2183.812012,0.000000,0.000000,0.210000,-108.500000, 1.200000,-5.800000
0.210000,2183.912109,0.000000,0.000000,0.210000,-108.699997, 1.200000,-5.800000
0.210000,2184.012939,0.000000,0.000000,0.210000,-108.900002, 1.200000,-5.900000
0.210000,2184.886963,0.000000,0.000000,0.210000,-109.199997, 1.200000,-5.900000
0.210000,2184.211914,0.000000,0.000000,0.210000,-109.400002, 1.200000,-5.900000
0.210000,2184.350098,0.000000,0.000000,0.210000,-109.699997, 1.200000,-5.900000
0.210000,2184.415039,0.000000,0.000000,0.210000,-109.800003, 1.200000,-5.900000
0.210000,2184.545898,0.000000,0.000000,0.210000,-110.099998, 1.200000,-5.900000
0.210000,2184.650879,0.000000,0.000000,0.210000,-110.300003, 1.200000,-5.900000
0.210000,2184.751953,0.000000,0.000000,0.210000,-110.500000, 1.200000,-5.900000
0.210000,2184.854004,0.000000,0.000000,0.210000,-110.800003, 1.200000,-5.900000
0.210000,2184.958984,0.000000,0.000000,0.210000,-111.000000, 1.200000,-5.900000
0.210000,2185.227051,0.000000,0.000000,0.210000,-111.199997, 1.200000,-5.900000
0.210000,2185.145996,0.000000,0.000000,0.210000,-111.400002, 1.200000,-5.900000
0.210000,2185.246094,0.000000,0.000000,0.210000,-111.599998, 1.200000,-5.900000
0.210000,2185.345947,0.000000,0.000000,0.210000,-111.800003, 1.200000,-5.900000
0.210000,2185.446045,0.000000,0.000000,0.210000,-112.099998, 1.300000,-5.900000
0.210000,2185.545898,0.000000,0.000000,0.210000,-112.300003, 1.200000,-5.800000
0.210000,2185.645996,0.000000,0.000000,0.210000,-112.500000, 1.200000,-5.800000
0.210000,2185.746094,0.000000,0.000000,0.210000,-112.699997, 1.200000,-5.800000
0.210000,2185.844971,0.000000,0.000000,0.210000,-112.900002, 1.100000,-5.800000
0.210000,2185.945068,0.000000,0.000000,0.210000,-113.099998, 1.000000,-5.700000
0.210000,2186.207031,0.000000,0.000000,0.210000,-113.400002, 1.000000,-5.600000
0.210000,2186.145996,0.000000,0.000000,0.210000,-113.500000, 1.000000,-5.600000
0.210000,2186.251953,0.000000,0.000000,0.210000,-113.800003, 0.900000,-5.400000
0.210000,2186.354004,0.000000,0.000000,0.210000,-114.000000, 0.900000,-5.200000
0.210000,2186.446045,0.000000,0.000000,0.210000,-114.199997, 0.800000,-5.100000
0.210000,2186.548096,0.000000,0.000000,0.210000,-114.300003, 0.500000,-5.300000
0.210000,2186.646973,0.000000,0.000000,0.210000,-114.199997, 0.000000,-5.400000
0.210000,2186.747070,0.000000,0.000000,0.210000,-113.599998, -0.500000,-4.800000
0.210000,2186.846924,0.000000,0.000000,0.210000,-112.699997, -1.200000,-5.200000
0.210000,2186.946045,0.000000,0.000000,0.210000,-111.500000, -1.300000,-5.300000
0.200000,2187.547119,0.000000,0.000000,0.200000,-110.800003, -1.400000,-5.600000
0.220000,2187.178955,0.000000,0.000000,0.220000,-111.000000, -1.800000,-5.600000
0.260000,2187.279053,0.000000,0.000000,0.260000,-111.500000, -0.100000,-5.600000
0.270000,2187.379883,0.000000,0.000000,0.270000,-112.000000, 4.300000,-4.600000
0.290000,2187.480957,0.000000,0.000000,0.290000,-112.199997, 9.300000,-1.900000
0.310000,2187.580078,0.000000,0.000000,0.310000,-112.400002, 13.000000,-1.100000
0.320000,2187.678955,0.000000,0.000000,0.320000,-112.400002, 12.600000,-2.400000
0.330000,2187.747070,0.000000,0.000000,0.330000,-112.500000, 10.600000,-3.200000
0.330000,2187.747070,0.000000,0.000000,0.330000,-112.500000, 10.600000,-3.200000
0.330000,2187.913086,0.000000,0.000000,0.330000,-112.699997, 7.900000,-3.700000
0.350000,2188.237061,0.000000,0.000000,0.350000,-113.500000, 3.900000,-4.300000
0.360000,2188.181885,0.000000,0.000000,0.360000,-114.199997, 2.200000,-4.800000
0.360000,2188.181885,0.000000,0.000000,0.360000,-114.199997, 2.200000,-4.800000
0.360000,2188.312988,0.000000,0.000000,0.360000,-114.599998, 1.700000,-4.700000
0.360000,2188.479980,0.000000,0.000000,0.360000,-114.500000, 1.600000,-4.100000
0.360000,2188.518066,0.000000,0.000000,0.360000,-114.500000, 1.600000,-4.100000
0.350000,2188.617920,0.000000,0.000000,0.350000,-114.400002, 1.100000,-4.000000
0.320000,2188.779053,0.000000,0.000000,0.320000,-113.800003, -1.500000,-3.800000
0.320000,2188.779053,0.000000,0.000000,0.320000,-113.800003, -1.500000,-3.800000
0.220000,2188.979004,0.000000,0.000000,0.220000,-112.300003, 3.800000,-5.100000
0.210000,2189.556885,0.000000,0.000000,0.210000,-111.599998, 3.500000,-5.100000
0.210000,2189.927002,0.000000,0.000000,0.210000,-111.599998, 3.500000,-5.100000
0.230000,2189.280029,0.000000,0.000000,0.230000,-111.400002, 2.500000,-4.800000
0.230000,2189.312988,0.000000,0.000000,0.230000,-112.500000, 1.900000,-5.000000
0.280000,2189.413086,0.000000,0.000000,0.280000,-112.699997, 1.800000,-5.000000
0.350000,2189.580078,0.000000,0.000000,0.350000,-114.699997, 1.600000,-5.400000
0.350000,2189.580078,0.000000,0.000000,0.350000,-114.699997, 1.600000,-5.400000
0.410000,2189.711914,0.000000,0.000000,0.410000,-116.000000, 1.600000,-5.300000
0.420000,2189.878906,0.000000,0.000000,0.420000,-116.000000, 1.300000,-5.400000
0.420000,2189.878906,0.000000,0.000000,0.420000,-116.000000, 1.300000,-5.400000
0.500000,2190.019043,0.000000,0.000000,0.500000,-115.800003, 0.300000,-5.200000
0.500000,2190.178955,0.000000,0.000000,0.500000,-115.900002, -0.100000,-5.100000
0.510000,2190.212891,0.000000,0.000000,0.510000,-116.000000, -0.100000,-4.900000
0.540000,2190.318115,0.000000,0.000000,0.540000,-116.000000, -0.100000,-4.900000
0.560000,2190.512939,0.000000,0.000000,0.560000,-115.900002, -0.100000,-5.300000
0.560000,2190.512939,0.000000,0.000000,0.560000,-115.900002, -0.100000,-5.300000
0.540000,2190.645020,0.000000,0.000000,0.540000,-115.900002, -0.200000,-5.000000
0.540000,2190.812012,0.000000,0.000000,0.540000,-115.800003, -0.700000,-3.600000
0.540000,2190.812012,0.000000,0.000000,0.540000,-115.800003, -0.700000,-3.600000
0.510000,2190.946045,0.000000,0.000000,0.510000,-115.900002, -0.400000,-3.500000
0.490000,2191.886963,0.000000,0.000000,0.490000,-115.900002, 0.300000,-4.700000
0.490000,2191.886963,0.000000,0.000000,0.490000,-115.900002, 0.300000,-4.700000
0.470000,2191.313965,0.000000,0.000000,0.470000,-116.099998, 0.100000,-4.500000
0.480000,2191.412109,0.000000,0.000000,0.480000,-116.099998, 0.100000,-4.500000
0.480000,2191.523926,0.000000,0.000000,0.480000,-116.000000, 1.700000,-5.000000
0.500000,2191.614014,0.000000,0.000000,0.500000,-115.800003, 1.600000,-5.100000
0.500000,2191.712891,0.000000,0.000000,0.500000,-115.800003, 1.300000,-5.000000
0.520000,2191.819092,0.000000,0.000000,0.520000,-116.400002, 0.800000,-4.100000
0.530000,2191.913086,0.000000,0.000000,0.530000,-117.400002, 0.600000,-4.000000
0.540000,2192.012939,0.000000,0.000000,0.540000,-118.500000, 0.500000,-4.400000
0.550000,2192.896973,0.000000,0.000000,0.550000,-119.599998, 0.700000,-4.800000
0.550000,2192.219971,0.000000,0.000000,0.550000,-120.400002, 1.000000,-4.800000
0.550000,2192.321045,0.000000,0.000000,0.550000,-120.900002, 1.000000,-4.900000
0.550000,2192.413086,0.000000,0.000000,0.550000,-120.900002, 1.000000,-4.900000
0.550000,2192.548096,0.000000,0.000000,0.550000,-121.400002, 0.900000,-5.000000
0.540000,2192.646973,0.000000,0.000000,0.540000,-121.500000, 0.800000,-5.100000
0.540000,2192.750977,0.000000,0.000000,0.540000,-121.500000, 0.600000,-5.000000
0.540000,2192.849121,0.000000,0.000000,0.540000,-121.500000, 0.600000,-5.000000
0.540000,2192.947021,0.000000,0.000000,0.540000,-121.400002, 0.400000,-4.800000
0.570000,2193.227051,0.000000,0.000000,0.570000,-121.300003, 0.400000,-4.500000
0.580000,2193.154053,0.000000,0.000000,0.580000,-121.300003, 0.100000,-4.000000
0.620000,2193.251953,0.000000,0.000000,0.620000,-121.300003, -0.400000,-3.600000
0.640000,2193.346924,0.000000,0.000000,0.640000,-121.300003, -1.000000,-3.200000
0.650000,2193.447021,0.000000,0.000000,0.650000,-121.300003, -1.600000,-2.600000
0.860000,2193.547119,0.000000,0.000000,0.860000,-121.400002, -2.100000,-1.900000
0.860000,2193.646973,0.000000,0.000000,0.860000,-121.400002, -2.300000,-1.600000
0.750000,2193.747070,0.000000,0.000000,0.750000,-121.500000, -1.600000,-2.400000
0.820000,2193.845947,0.000000,0.000000,0.820000,-121.599998, -0.500000,-3.500000
0.850000,2193.945068,0.000000,0.000000,0.850000,-121.599998, 0.200000,-4.200000
0.900000,2194.227051,0.000000,0.000000,0.900000,-121.699997, 0.200000,-4.400000
0.940000,2194.145996,0.000000,0.000000,0.940000,-122.599998, 0.100000,-4.800000
1.060000,2194.246094,0.000000,0.000000,1.060000,-123.900002, 0.300000,-5.100000
1.050000,2194.346924,0.000000,0.000000,1.050000,-125.500000, 0.800000,-5.400000
1.170000,2194.447021,0.000000,0.000000,1.170000,-127.300003, 1.200000,-5.400000
1.170000,2194.548096,0.000000,0.000000,1.170000,-129.000000, 1.600000,-5.400000
1.300000,2194.645020,0.000000,0.000000,1.300000,-130.800003, 1.900000,-5.400000
1.240000,2194.746094,0.000000,0.000000,1.240000,-132.600006, 2.200000,-5.300000
1.080000,2194.846924,0.000000,0.000000,1.080000,-134.500000, 2.500000,-5.300000
0.980000,2194.952881,0.000000,0.000000,0.980000,-136.500000, 2.500000,-5.200000
0.920000,2195.227051,0.000000,0.000000,0.920000,-138.300003, 2.400000,-4.900000
0.870000,2195.147949,0.000000,0.000000,0.870000,-139.800003, 2.400000,-4.900000
0.830000,2195.251953,0.000000,0.000000,0.830000,-140.899994, 2.200000,-4.900000
0.810000,2195.346924,0.000000,0.000000,0.810000,-141.399994, 1.900000,-4.900000
0.760000,2195.446045,0.000000,0.000000,0.760000,-141.899994, 1.700000,-4.700000
0.730000,2195.545898,0.000000,0.000000,0.730000,-142.199997, 1.600000,-4.500000
0.720000,2195.647949,0.000000,0.000000,0.720000,-142.199997, 1.700000,-4.400000
0.650000,2195.780029,0.000000,0.000000,0.650000,-142.199997, 1.600000,-4.100000
0.610000,2195.881104,0.000000,0.000000,0.610000,-142.300003, 1.700000,-3.900000
0.520000,2195.979980,0.000000,0.000000,0.520000,-142.500000, 1.700000,-3.800000
0.410000,2196.547119,0.000000,0.000000,0.410000,-142.800003, 1.800000,-4.200000
0.260000,2196.187012,0.000000,0.000000,0.260000,-143.000000, 1.800000,-4.500000
0.230000,2196.280029,0.000000,0.000000,0.230000,-142.600006, 1.700000,-6.300000
0.230000,2196.378906,0.000000,0.000000,0.230000,-142.800003, 1.700000,-5.700000
0.290000,2196.479004,0.000000,0.000000,0.290000,-143.500000, 1.400000,-5.000000
0.280000,2196.579102,0.000000,0.000000,0.280000,-144.000000, 1.400000,-4.400000
0.250000,2196.678955,0.000000,0.000000,0.250000,-144.300003, 1.900000,-4.500000
0.200000,2196.781982,0.000000,0.000000,0.200000,-143.899994, -1.200000,-6.100000
0.200000,2196.878906,0.000000,0.000000,0.200000,-144.100006, 0.400000,-5.500000
0.200000,2196.979004,0.000000,0.000000,0.200000,-143.899994, 0.900000,-4.700000
0.200000,2197.566895,0.000000,0.000000,0.200000,-143.699997, 1.300000,-4.500000
0.200000,2197.179932,0.000000,0.000000,0.200000,-143.399994, 1.200000,-4.300000
0.200000,2197.280029,0.000000,0.000000,0.200000,-143.000000, 1.400000,-4.600000
0.200000,2197.384033,0.000000,0.000000,0.200000,-142.800003, 1.500000,-4.600000
0.200000,2197.479004,0.000000,0.000000,0.200000,-142.399994, 1.600000,-4.600000
0.200000,2197.581055,0.000000,0.000000,0.200000,-142.199997, 1.600000,-4.600000
0.200000,2197.679932,0.000000,0.000000,0.200000,-141.800003, 1.600000,-4.700000
0.200000,2197.783936,0.000000,0.000000,0.200000,-141.500000, 1.600000,-4.700000
0.200000,2197.881104,0.000000,0.000000,0.200000,-141.199997, 1.600000,-4.700000
0.200000,2197.983887,0.000000,0.000000,0.200000,-141.000000, 1.700000,-4.700000
0.200000,2198.556885,0.000000,0.000000,0.200000,-140.500000, 1.600000,-4.700000
0.200000,2198.181885,0.000000,0.000000,0.200000,-140.199997, 1.600000,-4.700000
0.200000,2198.280029,0.000000,0.000000,0.200000,-139.899994, 1.600000,-4.700000
0.200000,2198.378906,0.000000,0.000000,0.200000,-139.500000, 1.600000,-4.700000
0.200000,2198.479004,0.000000,0.000000,0.200000,-139.199997, 1.600000,-4.700000
0.200000,2198.579102,0.000000,0.000000,0.200000,-138.899994, 1.600000,-4.800000
0.200000,2198.678955,0.000000,0.000000,0.200000,-138.600006, 1.700000,-4.800000
0.200000,2198.812988,0.000000,0.000000,0.200000,-138.199997, 1.700000,-4.800000
0.200000,2198.913086,0.000000,0.000000,0.200000,-137.800003, 1.700000,-4.800000
0.200000,2199.013916,0.000000,0.000000,0.200000,-137.500000, 1.700000,-4.800000
0.200000,2199.937012,0.000000,0.000000,0.200000,-137.199997, 1.700000,-4.800000
0.200000,2199.211914,0.000000,0.000000,0.200000,-136.899994, 1.700000,-4.800000
0.200000,2199.320068,0.000000,0.000000,0.200000,-136.500000, 1.700000,-4.900000
0.200000,2199.414062,0.000000,0.000000,0.200000,-136.199997, 1.800000,-4.900000
0.200000,2199.513916,0.000000,0.000000,0.200000,-135.899994, 1.800000,-4.900000
0.200000,2199.620117,0.000000,0.000000,0.200000,-135.600006, 1.800000,-4.900000
0.200000,2199.712891,0.000000,0.000000,0.200000,-135.300003, 1.800000,-4.900000
0.200000,2199.824951,0.000000,0.000000,0.200000,-135.100006, 1.800000,-4.900000
0.200000,2199.912109,0.000000,0.000000,0.200000,-134.800003, 1.800000,-4.900000
0.200000,2200.019043,0.000000,0.000000,0.200000,-134.600006, 1.800000,-4.900000
0.200000,2200.886963,0.000000,0.000000,0.200000,-134.600006, 1.800000,-4.900000
0.200000,2200.214111,0.000000,0.000000,0.200000,-134.600006, 1.800000,-4.900000
0.200000,2200.322021,0.000000,0.000000,0.200000,-133.699997, 1.900000,-5.000000
0.200000,2200.413086,0.000000,0.000000,0.200000,-133.399994, 1.900000,-5.000000
0.200000,2200.512939,0.000000,0.000000,0.200000,-133.199997, 1.900000,-5.000000
0.200000,2200.621094,0.000000,0.000000,0.200000,-132.800003, 1.900000,-5.000000
0.200000,2200.714111,0.000000,0.000000,0.200000,-132.500000, 1.900000,-5.000000
0.200000,2200.815918,0.000000,0.000000,0.200000,-132.199997, 1.900000,-5.000000
0.200000,2200.913086,0.000000,0.000000,0.200000,-132.000000, 1.900000,-5.000000
0.200000,2201.018066,0.000000,0.000000,0.200000,-131.699997, 2.000000,-5.000000
0.200000,2201.947021,0.000000,0.000000,0.200000,-131.300003, 2.000000,-5.100000
0.200000,2201.214111,0.000000,0.000000,0.200000,-131.000000, 2.000000,-5.100000
0.200000,2201.312988,0.000000,0.000000,0.200000,-130.699997, 2.000000,-5.100000
0.200000,2201.412109,0.000000,0.000000,0.200000,-130.399994, 2.000000,-5.100000
0.200000,2201.512939,0.000000,0.000000,0.200000,-130.100006, 2.000000,-5.100000
0.200000,2201.621094,0.000000,0.000000,0.200000,-129.800003, 2.000000,-5.100000
0.200000,2201.712891,0.000000,0.000000,0.200000,-129.500000, 2.000000,-5.100000
0.200000,2201.812012,0.000000,0.000000,0.200000,-129.199997, 2.000000,-5.100000
0.200000,2201.913086,0.000000,0.000000,0.200000,-128.899994, 2.000000,-5.100000
0.200000,2202.021973,0.000000,0.000000,0.200000,-128.600006, 2.000000,-5.100000
0.200000,2202.886963,0.000000,0.000000,0.200000,-128.300003, 1.900000,-5.100000
0.200000,2202.214111,0.000000,0.000000,0.200000,-128.000000, 1.900000,-5.100000
0.200000,2202.315918,0.000000,0.000000,0.200000,-127.699997, 1.900000,-5.100000
0.200000,2202.419922,0.000000,0.000000,0.200000,-127.400002, 1.800000,-5.000000
0.200000,2202.512939,0.000000,0.000000,0.200000,-127.199997, 1.800000,-5.100000
0.200000,2202.646973,0.000000,0.000000,0.200000,-126.800003, 1.700000,-5.000000
0.200000,2202.749023,0.000000,0.000000,0.200000,-126.500000, 1.600000,-5.000000
0.200000,2202.846924,0.000000,0.000000,0.200000,-126.300003, 1.600000,-5.000000
0.200000,2202.947021,0.000000,0.000000,0.200000,-126.000000, 1.500000,-5.000000
0.200000,2203.217041,0.000000,0.000000,0.200000,-125.800003, 1.400000,-4.900000
0.200000,2203.153076,0.000000,0.000000,0.200000,-125.500000, 1.300000,-4.800000
0.200000,2203.246094,0.000000,0.000000,0.200000,-125.300003, 1.100000,-4.700000
0.200000,2203.354980,0.000000,0.000000,0.200000,-125.000000, 0.700000,-5.000000
0.200000,2203.446045,0.000000,0.000000,0.200000,-124.800003, 0.600000,-4.500000
0.200000,2203.547119,0.000000,0.000000,0.200000,-124.599998, 0.500000,-4.700000
0.200000,2203.645996,0.000000,0.000000,0.200000,-124.500000, 0.200000,-4.500000
0.200000,2203.747070,0.000000,0.000000,0.200000,-124.000000, -0.100000,-4.300000
0.200000,2203.846924,0.000000,0.000000,0.200000,-123.800003, -1.000000,-4.500000
0.200000,2203.946045,0.000000,0.000000,0.200000,-123.699997, -2.200000,-4.700000
0.200000,2204.217041,0.000000,0.000000,0.200000,-124.000000, -3.100000,-4.800000
0.200000,2204.145996,0.000000,0.000000,0.200000,-124.099998, -4.200000,-5.000000
0.200000,2204.246094,0.000000,0.000000,0.200000,-124.400002, -5.100000,-5.800000
0.200000,2204.345947,0.000000,0.000000,0.200000,-124.699997, -4.700000,-6.200000
0.200000,2204.446045,0.000000,0.000000,0.200000,-125.500000, -3.800000,-5.900000
0.210000,2204.545898,0.000000,0.000000,0.210000,-126.900002, -3.000000,-6.200000
0.200000,2204.646973,0.000000,0.000000,0.200000,-128.199997, -2.500000,-6.500000
0.200000,2204.747070,0.000000,0.000000,0.200000,-129.100006, -2.600000,-6.700000
0.200000,2204.846924,0.000000,0.000000,0.200000,-130.600006, -2.800000,-7.100000
0.200000,2204.946045,0.000000,0.000000,0.200000,-132.000000, -2.100000,-6.400000
0.220000,2205.217041,0.000000,0.000000,0.220000,-133.100006, -2.300000,-7.200000
0.220000,2205.178955,0.000000,0.000000,0.220000,-133.899994, -2.700000,-7.000000
0.250000,2205.280029,0.000000,0.000000,0.250000,-134.100006, -3.000000,-7.000000
0.280000,2205.378906,0.000000,0.000000,0.280000,-133.899994, -3.500000,-6.100000
0.320000,2205.479980,0.000000,0.000000,0.320000,-133.699997, -3.700000,-5.000000
0.350000,2205.579102,0.000000,0.000000,0.350000,-133.500000, -3.500000,-4.900000
0.350000,2205.678955,0.000000,0.000000,0.350000,-133.500000, -3.500000,-4.900000
0.350000,2205.779053,0.000000,0.000000,0.350000,-133.500000, -3.500000,-4.900000
0.440000,2205.847900,0.000000,0.000000,0.440000,-132.300003, 1.700000,-3.800000
0.450000,2205.879883,0.000000,0.000000,0.450000,-132.199997, 2.500000,-3.600000
0.450000,2205.879883,0.000000,0.000000,0.450000,-132.199997, 2.500000,-3.600000
0.450000,2205.879883,0.000000,0.000000,0.450000,-132.199997, 2.500000,-3.600000
0.450000,2205.879883,0.000000,0.000000,0.450000,-132.199997, 2.500000,-3.600000
0.450000,2205.879883,0.000000,0.000000,0.450000,-132.199997, 2.500000,-3.600000
0.450000,2205.879883,0.000000,0.000000,0.450000,-132.199997, 2.500000,-3.600000
0.450000,2205.879883,0.000000,0.000000,0.450000,-132.199997, 2.500000,-3.600000
0.450000,2205.879883,0.000000,0.000000,0.450000,-132.199997, 2.500000,-3.600000
0.450000,2205.879883,0.000000,0.000000,0.450000,-132.199997, 2.500000,-3.600000
0.450000,2205.879883,0.000000,0.000000,0.450000,-132.199997, 2.500000,-3.600000
0.450000,2205.879883,0.000000,0.000000,0.450000,-132.199997, 2.500000,-3.600000
0.450000,2205.879883,0.000000,0.000000,0.450000,-132.199997, 2.500000,-3.600000
0.450000,2205.879883,0.000000,0.000000,0.450000,-132.199997, 2.500000,-3.600000
0.450000,2205.879883,0.000000,0.000000,0.450000,-132.199997, 2.500000,-3.600000
0.450000,2205.879883,0.000000,0.000000,0.450000,-132.199997, 2.500000,-3.600000
0.450000,2205.879883,0.000000,0.000000,0.450000,-132.199997, 2.500000,-3.600000
0.450000,2205.879883,0.000000,0.000000,0.450000,-132.199997, 2.500000,-3.600000
0.450000,2205.879883,0.000000,0.000000,0.450000,-132.199997, 2.500000,-3.600000
0.450000,2205.879883,0.000000,0.000000,0.450000,-132.199997, 2.500000,-3.600000
0.450000,2205.879883,0.000000,0.000000,0.450000,-132.199997, 2.500000,-3.600000
0.450000,2205.879883,0.000000,0.000000,0.450000,-132.199997, 2.500000,-3.600000
0.450000,2205.879883,0.000000,0.000000,0.450000,-132.199997, 2.500000,-3.600000
0.450000,2205.879883,0.000000,0.000000,0.450000,-132.199997, 2.500000,-3.600000
0.450000,2205.879883,0.000000,0.000000,0.450000,-132.199997, 2.500000,-3.600000
0.450000,2205.879883,0.000000,0.000000,0.450000,-132.199997, 2.500000,-3.600000
0.450000,2205.879883,0.000000,0.000000,0.450000,-132.199997, 2.500000,-3.600000
0.450000,2205.879883,0.000000,0.000000,0.450000,-132.199997, 2.500000,-3.600000
0.450000,2205.879883,0.000000,0.000000,0.450000,-132.199997, 2.500000,-3.600000
0.450000,2205.879883,0.000000,0.000000,0.450000,-132.199997, 2.500000,-3.600000
0.450000,2205.879883,0.000000,0.000000,0.450000,-132.199997, 2.500000,-3.600000
0.450000,2205.879883,0.000000,0.000000,0.450000,-132.199997, 2.500000,-3.600000
0.450000,2205.879883,0.000000,0.000000,0.450000,-132.199997, 2.500000,-3.600000
0.450000,2205.879883,0.000000,0.000000,0.450000,-132.199997, 2.500000,-3.600000
0.450000,2205.879883,0.000000,0.000000,0.450000,-132.199997, 2.500000,-3.600000
0.450000,2205.879883,0.000000,0.000000,0.450000,-132.199997, 2.500000,-3.600000
0.450000,2205.879883,0.000000,0.000000,0.450000,-132.199997, 2.500000,-3.600000
0.450000,2205.879883,0.000000,0.000000,0.450000,-132.199997, 2.500000,-3.600000
0.450000,2205.879883,0.000000,0.000000,0.450000,-132.199997, 2.500000,-3.600000
0.450000,2205.879883,0.000000,0.000000,0.450000,-132.199997, 2.500000,-3.600000
0.450000,2205.879883,0.000000,0.000000,0.450000,-132.199997, 2.500000,-3.600000
0.450000,2205.879883,0.000000,0.000000,0.450000,-132.199997, 2.500000,-3.600000
0.450000,2205.879883,0.000000,0.000000,0.450000,-132.199997, 2.500000,-3.600000
0.450000,2205.879883,0.000000,0.000000,0.450000,-132.199997, 2.500000,-3.600000
0.450000,2205.879883,0.000000,0.000000,0.450000,-132.199997, 2.500000,-3.600000
0.450000,2205.879883,0.000000,0.000000,0.450000,-132.199997, 2.500000,-3.600000
0.450000,2205.879883,0.000000,0.000000,0.450000,-132.199997, 2.500000,-3.600000
0.450000,2205.879883,0.000000,0.000000,0.450000,-132.199997, 2.500000,-3.600000
0.450000,2205.879883,0.000000,0.000000,0.450000,-132.199997, 2.500000,-3.600000
0.450000,2205.879883,0.000000,0.000000,0.450000,-132.199997, 2.500000,-3.600000
0.450000,2205.879883,0.000000,0.000000,0.450000,-132.199997, 2.500000,-3.600000
0.450000,2205.879883,0.000000,0.000000,0.450000,-132.199997, 2.500000,-3.600000
0.450000,2205.879883,0.000000,0.000000,0.450000,-132.199997, 2.500000,-3.600000
0.450000,2205.879883,0.000000,0.000000,0.450000,-132.199997, 2.500000,-3.600000
0.450000,2205.879883,0.000000,0.000000,0.450000,-132.199997, 2.500000,-3.600000
0.450000,2205.879883,0.000000,0.000000,0.450000,-132.199997, 2.500000,-3.600000
0.450000,2205.879883,0.000000,0.000000,0.450000,-132.199997, 2.500000,-3.600000
0.450000,2205.879883,0.000000,0.000000,0.450000,-132.199997, 2.500000,-3.600000
0.450000,2205.879883,0.000000,0.000000,0.450000,-132.199997, 2.500000,-3.600000
0.450000,2205.879883,0.000000,0.000000,0.450000,-132.199997, 2.500000,-3.600000
0.450000,2205.879883,0.000000,0.000000,0.450000,-132.199997, 2.500000,-3.600000
0.450000,2205.879883,0.000000,0.000000,0.450000,-132.199997, 2.500000,-3.600000
0.450000,2205.879883,0.000000,0.000000,0.450000,-132.199997, 2.500000,-3.600000
0.450000,2205.879883,0.000000,0.000000,0.450000,-132.199997, 2.500000,-3.600000
0.450000,2205.879883,0.000000,0.000000,0.450000,-132.199997, 2.500000,-3.600000
0.450000,2205.879883,0.000000,0.000000,0.450000,-132.199997, 2.500000,-3.600000
0.450000,2205.879883,0.000000,0.000000,0.450000,-132.199997, 2.500000,-3.600000
0.450000,2205.879883,0.000000,0.000000,0.450000,-132.199997, 2.500000,-3.600000
0.450000,2205.879883,0.000000,0.000000,0.450000,-132.199997, 2.500000,-3.600000
0.450000,2205.879883,0.000000,0.000000,0.450000,-132.199997, 2.500000,-3.600000
0.450000,2205.879883,0.000000,0.000000,0.450000,-132.199997, 2.500000,-3.600000
0.450000,2205.879883,0.000000,0.000000,0.450000,-132.199997, 2.500000,-3.600000
0.450000,2205.879883,0.000000,0.000000,0.450000,-132.199997, 2.500000,-3.600000
0.450000,2205.879883,0.000000,0.000000,0.450000,-132.199997, 2.500000,-3.600000
0.450000,2205.879883,0.000000,0.000000,0.450000,-132.199997, 2.500000,-3.600000
0.450000,2205.879883,0.000000,0.000000,0.450000,-132.199997, 2.500000,-3.600000
0.450000,2205.879883,0.000000,0.000000,0.450000,-132.199997, 2.500000,-3.600000
0.450000,2205.879883,0.000000,0.000000,0.450000,-132.199997, 2.500000,-3.600000
0.450000,2205.879883,0.000000,0.000000,0.450000,-132.199997, 2.500000,-3.600000
0.450000,2205.879883,0.000000,0.000000,0.450000,-132.199997, 2.500000,-3.600000
0.450000,2205.879883,0.000000,0.000000,0.450000,-132.199997, 2.500000,-3.600000
0.450000,2205.879883,0.000000,0.000000,0.450000,-132.199997, 2.500000,-3.600000
0.450000,2205.879883,0.000000,0.000000,0.450000,-132.199997, 2.500000,-3.600000
0.450000,2205.879883,0.000000,0.000000,0.450000,-132.199997, 2.500000,-3.600000
0.450000,2205.879883,0.000000,0.000000,0.450000,-132.199997, 2.500000,-3.600000
0.450000,2205.879883,0.000000,0.000000,0.450000,-132.199997, 2.500000,-3.600000
0.450000,2205.879883,0.000000,0.000000,0.450000,-132.199997, 2.500000,-3.600000
0.450000,2205.879883,0.000000,0.000000,0.450000,-132.199997, 2.500000,-3.600000
0.450000,2205.879883,0.000000,0.000000,0.450000,-132.199997, 2.500000,-3.600000
0.450000,2205.879883,0.000000,0.000000,0.450000,-132.199997, 2.500000,-3.600000
0.450000,2205.879883,0.000000,0.000000,0.450000,-132.199997, 2.500000,-3.600000
0.450000,2205.879883,0.000000,0.000000,0.450000,-132.199997, 2.500000,-3.600000
0.450000,2205.879883,0.000000,0.000000,0.450000,-132.199997, 2.500000,-3.600000
0.450000,2205.879883,0.000000,0.000000,0.450000,-132.199997, 2.500000,-3.600000
0.450000,2205.879883,0.000000,0.000000,0.450000,-132.199997, 2.500000,-3.600000
0.450000,2205.879883,0.000000,0.000000,0.450000,-132.199997, 2.500000,-3.600000
0.450000,2205.879883,0.000000,0.000000,0.450000,-132.199997, 2.500000,-3.600000
0.450000,2205.879883,0.000000,0.000000,0.450000,-132.199997, 2.500000,-3.600000
0.450000,2205.879883,0.000000,0.000000,0.450000,-132.199997, 2.500000,-3.600000
0.450000,2205.879883,0.000000,0.000000,0.450000,-132.199997, 2.500000,-3.600000
0.450000,2205.879883,0.000000,0.000000,0.450000,-132.199997, 2.500000,-3.600000
0.450000,2205.879883,0.000000,0.000000,0.450000,-132.199997, 2.500000,-3.600000
0.450000,2205.879883,0.000000,0.000000,0.450000,-132.199997, 2.500000,-3.600000
0.450000,2205.879883,0.000000,0.000000,0.450000,-132.199997, 2.500000,-3.600000
0.450000,2205.879883,0.000000,0.000000,0.450000,-132.199997, 2.500000,-3.600000
0.450000,2205.879883,0.000000,0.000000,0.450000,-132.199997, 2.500000,-3.600000
0.450000,2205.879883,0.000000,0.000000,0.450000,-132.199997, 2.500000,-3.600000
0.450000,2205.879883,0.000000,0.000000,0.450000,-132.199997, 2.500000,-3.600000
0.450000,2205.879883,0.000000,0.000000,0.450000,-132.199997, 2.500000,-3.600000
0.450000,2205.879883,0.000000,0.000000,0.450000,-132.199997, 2.500000,-3.600000
0.450000,2205.879883,0.000000,0.000000,0.450000,-132.199997, 2.500000,-3.600000
0.450000,2205.879883,0.000000,0.000000,0.450000,-132.199997, 2.500000,-3.600000
0.450000,2205.879883,0.000000,0.000000,0.450000,-132.199997, 2.500000,-3.600000
0.450000,2205.879883,0.000000,0.000000,0.450000,-132.199997, 2.500000,-3.600000
0.450000,2205.879883,0.000000,0.000000,0.450000,-132.199997, 2.500000,-3.600000
0.450000,2205.879883,0.000000,0.000000,0.450000,-132.199997, 2.500000,-3.600000
0.450000,2205.879883,0.000000,0.000000,0.450000,-132.199997, 2.500000,-3.600000
0.450000,2205.879883,0.000000,0.000000,0.450000,-132.199997, 2.500000,-3.600000
0.450000,2205.879883,0.000000,0.000000,0.450000,-132.199997, 2.500000,-3.600000
0.450000,2205.879883,0.000000,0.000000,0.450000,-132.199997, 2.500000,-3.600000
0.450000,2205.879883,0.000000,0.000000,0.450000,-132.199997, 2.500000,-3.600000
0.450000,2205.879883,0.000000,0.000000,0.450000,-132.199997, 2.500000,-3.600000
0.450000,2205.879883,0.000000,0.000000,0.450000,-132.199997, 2.500000,-3.600000
0.450000,2205.879883,0.000000,0.000000,0.450000,-132.199997, 2.500000,-3.600000
0.450000,2205.879883,0.000000,0.000000,0.450000,-132.199997, 2.500000,-3.600000
0.450000,2205.879883,0.000000,0.000000,0.450000,-132.199997, 2.500000,-3.600000
0.450000,2205.879883,0.000000,0.000000,0.450000,-132.199997, 2.500000,-3.600000
0.450000,2205.879883,0.000000,0.000000,0.450000,-132.199997, 2.500000,-3.600000
0.450000,2205.879883,0.000000,0.000000,0.450000,-132.199997, 2.500000,-3.600000
0.450000,2205.879883,0.000000,0.000000,0.450000,-132.199997, 2.500000,-3.600000
0.450000,2205.879883,0.000000,0.000000,0.450000,-132.199997, 2.500000,-3.600000
0.450000,2205.879883,0.000000,0.000000,0.450000,-132.199997, 2.500000,-3.600000
0.450000,2205.879883,0.000000,0.000000,0.450000,-132.199997, 2.500000,-3.600000
0.450000,2205.879883,0.000000,0.000000,0.450000,-132.199997, 2.500000,-3.600000
0.450000,2205.879883,0.000000,0.000000,0.450000,-132.199997, 2.500000,-3.600000
0.450000,2205.879883,0.000000,0.000000,0.450000,-132.199997, 2.500000,-3.600000
0.450000,2205.879883,0.000000,0.000000,0.450000,-132.199997, 2.500000,-3.600000
0.450000,2205.879883,0.000000,0.000000,0.450000,-132.199997, 2.500000,-3.600000
0.450000,2205.879883,0.000000,0.000000,0.450000,-132.199997, 2.500000,-3.600000
0.450000,2205.879883,0.000000,0.000000,0.450000,-132.199997, 2.500000,-3.600000
0.450000,2205.879883,0.000000,0.000000,0.450000,-132.199997, 2.500000,-3.600000
0.450000,2205.879883,0.000000,0.000000,0.450000,-132.199997, 2.500000,-3.600000
0.450000,2205.879883,0.000000,0.000000,0.450000,-132.199997, 2.500000,-3.600000
0.450000,2205.879883,0.000000,0.000000,0.450000,-132.199997, 2.500000,-3.600000
0.450000,2205.879883,0.000000,0.000000,0.450000,-132.199997, 2.500000,-3.600000
0.450000,2205.879883,0.000000,0.000000,0.450000,-132.199997, 2.500000,-3.600000
0.450000,2205.879883,0.000000,0.000000,0.450000,-132.199997, 2.500000,-3.600000
0.450000,2205.879883,0.000000,0.000000,0.450000,-132.199997, 2.500000,-3.600000
0.450000,2205.879883,0.000000,0.000000,0.450000,-132.199997, 2.500000,-3.600000
0.450000,2205.879883,0.000000,0.000000,0.450000,-132.199997, 2.500000,-3.600000
0.450000,2205.879883,0.000000,0.000000,0.450000,-132.199997, 2.500000,-3.600000
0.450000,2205.879883,0.000000,0.000000,0.450000,-132.199997, 2.500000,-3.600000
0.450000,2205.879883,0.000000,0.000000,0.450000,-132.199997, 2.500000,-3.600000
0.450000,2205.879883,0.000000,0.000000,0.450000,-132.199997, 2.500000,-3.600000
0.450000,2205.879883,0.000000,0.000000,0.450000,-132.199997, 2.500000,-3.600000
0.450000,2205.879883,0.000000,0.000000,0.450000,-132.199997, 2.500000,-3.600000
0.450000,2205.879883,0.000000,0.000000,0.450000,-132.199997, 2.500000,-3.600000
0.450000,2205.879883,0.000000,0.000000,0.450000,-132.199997, 2.500000,-3.600000
0.450000,2205.879883,0.000000,0.000000,0.450000,-132.199997, 2.500000,-3.600000
0.450000,2205.879883,0.000000,0.000000,0.450000,-132.199997, 2.500000,-3.600000
0.450000,2205.879883,0.000000,0.000000,0.450000,-132.199997, 2.500000,-3.600000
0.450000,2205.879883,0.000000,0.000000,0.450000,-132.199997, 2.500000,-3.600000
0.450000,2205.879883,0.000000,0.000000,0.450000,-132.199997, 2.500000,-3.600000
0.450000,2205.879883,0.000000,0.000000,0.450000,-132.199997, 2.500000,-3.600000
0.450000,2205.879883,0.000000,0.000000,0.450000,-132.199997, 2.500000,-3.600000
0.450000,2205.879883,0.000000,0.000000,0.450000,-132.199997, 2.500000,-3.600000
0.450000,2205.879883,0.000000,0.000000,0.450000,-132.199997, 2.500000,-3.600000
0.450000,2205.879883,0.000000,0.000000,0.450000,-132.199997, 2.500000,-3.600000
0.450000,2205.879883,0.000000,0.000000,0.450000,-132.199997, 2.500000,-3.600000
0.450000,2205.879883,0.000000,0.000000,0.450000,-132.199997, 2.500000,-3.600000
0.450000,2205.879883,0.000000,0.000000,0.450000,-132.199997, 2.500000,-3.600000
0.450000,2205.879883,0.000000,0.000000,0.450000,-132.199997, 2.500000,-3.600000
0.450000,2205.879883,0.000000,0.000000,0.450000,-132.199997, 2.500000,-3.600000
0.450000,2205.879883,0.000000,0.000000,0.450000,-132.199997, 2.500000,-3.600000
0.450000,2205.879883,0.000000,0.000000,0.450000,-132.199997, 2.500000,-3.600000
0.450000,2205.879883,0.000000,0.000000,0.450000,-132.199997, 2.500000,-3.600000
0.450000,2205.879883,0.000000,0.000000,0.450000,-132.199997, 2.500000,-3.600000
0.450000,2205.879883,0.000000,0.000000,0.450000,-132.199997, 2.500000,-3.600000
0.450000,2205.879883,0.000000,0.000000,0.450000,-132.199997, 2.500000,-3.600000
0.450000,2205.879883,0.000000,0.000000,0.450000,-132.199997, 2.500000,-3.600000
0.450000,2205.879883,0.000000,0.000000,0.450000,-132.199997, 2.500000,-3.600000
0.450000,2205.879883,0.000000,0.000000,0.450000,-132.199997, 2.500000,-3.600000
0.450000,2205.879883,0.000000,0.000000,0.450000,-132.199997, 2.500000,-3.600000
0.450000,2205.879883,0.000000,0.000000,0.450000,-132.199997, 2.500000,-3.600000
0.450000,2205.879883,0.000000,0.000000,0.450000,-132.199997, 2.500000,-3.600000
0.450000,2205.879883,0.000000,0.000000,0.450000,-132.199997, 2.500000,-3.600000
0.450000,2205.879883,0.000000,0.000000,0.450000,-132.199997, 2.500000,-3.600000
0.450000,2205.879883,0.000000,0.000000,0.450000,-132.199997, 2.500000,-3.600000
0.450000,2205.879883,0.000000,0.000000,0.450000,-132.199997, 2.500000,-3.600000
0.450000,2205.879883,0.000000,0.000000,0.450000,-132.199997, 2.500000,-3.600000
0.450000,2205.879883,0.000000,0.000000,0.450000,-132.199997, 2.500000,-3.600000
0.450000,2205.879883,0.000000,0.000000,0.450000,-132.199997, 2.500000,-3.600000
0.450000,2205.879883,0.000000,0.000000,0.450000,-132.199997, 2.500000,-3.600000
0.450000,2205.879883,0.000000,0.000000,0.450000,-132.199997, 2.500000,-3.600000
0.450000,2205.879883,0.000000,0.000000,0.450000,-132.199997, 2.500000,-3.600000
0.450000,2205.879883,0.000000,0.000000,0.450000,-132.199997, 2.500000,-3.600000
0.450000,2205.879883,0.000000,0.000000,0.450000,-132.199997, 2.500000,-3.600000
0.450000,2205.879883,0.000000,0.000000,0.450000,-132.199997, 2.500000,-3.600000
0.450000,2205.879883,0.000000,0.000000,0.450000,-132.199997, 2.500000,-3.600000
0.450000,2205.879883,0.000000,0.000000,0.450000,-132.199997, 2.500000,-3.600000
0.450000,2205.879883,0.000000,0.000000,0.450000,-132.199997, 2.500000,-3.600000
0.450000,2205.879883,0.000000,0.000000,0.450000,-132.199997, 2.500000,-3.600000
0.450000,2205.879883,0.000000,0.000000,0.450000,-132.199997, 2.500000,-3.600000
0.450000,2205.879883,0.000000,0.000000,0.450000,-132.199997, 2.500000,-3.600000
0.450000,2205.879883,0.000000,0.000000,0.450000,-132.199997, 2.500000,-3.600000
0.450000,2205.879883,0.000000,0.000000,0.450000,-132.199997, 2.500000,-3.600000
0.450000,2205.879883,0.000000,0.000000,0.450000,-132.199997, 2.500000,-3.600000
0.450000,2205.879883,0.000000,0.000000,0.450000,-132.199997, 2.500000,-3.600000
0.450000,2205.879883,0.000000,0.000000,0.450000,-132.199997, 2.500000,-3.600000
0.450000,2205.879883,0.000000,0.000000,0.450000,-132.199997, 2.500000,-3.600000
0.450000,2205.879883,0.000000,0.000000,0.450000,-132.199997, 2.500000,-3.600000
0.450000,2205.879883,0.000000,0.000000,0.450000,-132.199997, 2.500000,-3.600000
0.450000,2205.879883,0.000000,0.000000,0.450000,-132.199997, 2.500000,-3.600000
0.450000,2205.879883,0.000000,0.000000,0.450000,-132.199997, 2.500000,-3.600000
0.450000,2205.879883,0.000000,0.000000,0.450000,-132.199997, 2.500000,-3.600000
0.450000,2205.879883,0.000000,0.000000,0.450000,-132.199997, 2.500000,-3.600000
0.450000,2205.879883,0.000000,0.000000,0.450000,-132.199997, 2.500000,-3.600000
0.450000,2205.879883,0.000000,0.000000,0.450000,-132.199997, 2.500000,-3.600000
0.450000,2205.879883,0.000000,0.000000,0.450000,-132.199997, 2.500000,-3.600000
